"nflId","gameId","ngsPlayId","gsisPlayId","time","isOnField","x","y","s","dis","event","ndx","team","millisecs_since_epoch","displayName","position","positionGroup","jerseyNumber","height","weight","team.fullName","top_speed","next_x","next_y","circle1_x","circle1_y","circle1_r","circle2_x","circle2_y","circle2_r","weight_kg"
"2495453","3","685","3502","2016-01-03T23:53:34.700",TRUE,63.83,23.06,0.16,0.02,NA,1,"HOME",1451865214.7,"Zaire Rose","QB","QB","2","6-4","235","Hamburg Sea Devils",9.87,63.83,23.04,63.83,23.0574041005784,0.0119376061887718,63.83,23.0548082011568,0.0159168082516957,106.59412
"2495453","3","685","3502","2016-01-03T23:53:34.800",TRUE,63.83,23.04,0.17,0.02,NA,2,"HOME",1451865214.8,"Zaire Rose","QB","QB","2","6-4","235","Hamburg Sea Devils",9.87,63.83,23,63.83,23.0344837137291,0.02411741315114,63.83,23.0289674274581,0.0321565508681867,106.59412
"2495453","3","685","3502","2016-01-03T23:53:34.900",TRUE,63.83,23,0.17,0.04,NA,3,"HOME",1451865214.9,"Zaire Rose","QB","QB","2","6-4","235","Hamburg Sea Devils",9.87,63.82,22.96,63.8286209284323,22.9944837137291,0.0248596604597024,63.8272418568645,22.9889674274581,0.0331462139462699,106.59412
"2495453","3","685","3502","2016-01-03T23:53:35.000",TRUE,63.82,22.96,0.15,0.03,NA,4,"HOME",1451865215,"Zaire Rose","QB","QB","2","6-4","235","Hamburg Sea Devils",9.87,63.8,22.94,63.8175663442922,22.9575663442922,0.0167110627650128,63.8151326885845,22.9551326885845,0.022281417020017,106.59412
"2495453","3","685","3502","2016-01-03T23:53:35.100",TRUE,63.8,22.94,0.13,0.03,NA,5,"HOME",1451865215.1,"Zaire Rose","QB","QB","2","6-4","235","Hamburg Sea Devils",9.87,63.78,22.92,63.7978908317199,22.9378908317199,0.0163685391461724,63.7957816634399,22.9357816634399,0.0218247188615632,106.59412
"2495453","3","685","3502","2016-01-03T23:53:35.200",TRUE,63.78,22.92,0.11,0.03,NA,6,"HOME",1451865215.2,"Zaire Rose","QB","QB","2","6-4","235","Hamburg Sea Devils",9.87,63.77,22.87,63.7791076595738,22.9155382978691,0.0288913103625976,63.7782153191476,22.9110765957382,0.0385217471501302,106.59412
"2495453","3","685","3502","2016-01-03T23:53:35.300",TRUE,63.77,22.87,0.09,0.05,NA,7,"HOME",1451865215.3,"Zaire Rose","QB","QB","2","6-4","235","Hamburg Sea Devils",9.87,63.77,22.82,63.77,22.8663495164384,0.027724758702961,63.77,22.8626990328767,0.0369663449372814,106.59412
"2495453","3","685","3502","2016-01-03T23:53:35.400",TRUE,63.77,22.82,0.07,0.05,NA,8,"HOME",1451865215.4,"Zaire Rose","QB","QB","2","6-4","235","Hamburg Sea Devils",9.87,63.77,22.78,63.77,22.8177285880061,0.021695405415175,63.77,22.8154571760122,0.0289272072202334,106.59412
"2495453","3","685","3502","2016-01-03T23:53:35.500",TRUE,63.77,22.78,0.07,0.04,NA,9,"HOME",1451865215.5,"Zaire Rose","QB","QB","2","6-4","235","Hamburg Sea Devils",9.87,63.78,22.74,63.7705678529985,22.7777285880061,0.0223631120293427,63.771135705997,22.7754571760122,0.0298174827057902,106.59412
"2495453","3","685","3502","2016-01-03T23:53:35.600",TRUE,63.78,22.74,0.07,0.03,NA,10,"HOME",1451865215.6,"Zaire Rose","QB","QB","2","6-4","235","Hamburg Sea Devils",9.87,63.79,22.72,63.7805678529985,22.738864294003,0.0121281003269367,63.781135705997,22.7377285880061,0.0161708004359156,106.59412
"2495453","3","685","3502","2016-01-03T23:53:35.700",TRUE,63.79,22.72,0.05,0.03,NA,11,"HOME",1451865215.7,"Zaire Rose","QB","QB","2","6-4","235","Hamburg Sea Devils",9.87,63.8,22.71,63.7904056092846,22.7195943907154,0.00749922233541077,63.7908112185693,22.7191887814307,0.00999896311388102,106.59412
"2495453","3","685","3502","2016-01-03T23:53:35.800",TRUE,63.8,22.71,0.07,0.02,NA,12,"HOME",1451865215.8,"Zaire Rose","QB","QB","2","6-4","235","Hamburg Sea Devils",9.87,63.82,22.72,63.801135705997,22.7105678529985,0.0121281003269384,63.8022714119939,22.711135705997,0.0161708004359179,106.59412
"2495453","3","685","3502","2016-01-03T23:53:35.900",TRUE,63.82,22.72,0.12,0.02,NA,13,"HOME",1451865215.9,"Zaire Rose","QB","QB","2","6-4","235","Hamburg Sea Devils",9.87,63.82,22.75,63.82,22.7229203868493,0.0171798069623692,63.82,22.7258407736986,0.0229064092831589,106.59412
"2495453","3","685","3502","2016-01-03T23:53:36.000",TRUE,63.82,22.75,0.16,0.02,NA,14,"HOME",1451865216,"Zaire Rose","QB","QB","2","6-4","235","Hamburg Sea Devils",9.87,63.82,22.78,63.82,22.7538938491324,0.0179064092831587,63.82,22.7577876982648,0.0238752123775449,106.59412
"2495453","3","685","3502","2016-01-03T23:53:36.100",TRUE,63.82,22.78,0.2,0.04,NA,15,"HOME",1451865216.1,"Zaire Rose","QB","QB","2","6-4","235","Hamburg Sea Devils",9.87,63.82,22.83,63.82,22.7881121856925,0.0310550193399107,63.82,22.7962243713851,0.0414066924532143,106.59412
"2495453","3","685","3502","2016-01-03T23:53:36.200",TRUE,63.82,22.83,0.25,0.05,NA,16,"HOME",1451865216.2,"Zaire Rose","QB","QB","2","6-4","235","Hamburg Sea Devils",9.87,63.83,22.88,63.8220280464231,22.8401402321157,0.033213763010313,63.8240560928463,22.8502804642314,0.044285017347084,106.59412
"2495453","3","685","3502","2016-01-03T23:53:36.300",TRUE,63.83,22.88,0.29,0.05,NA,17,"HOME",1451865216.3,"Zaire Rose","QB","QB","2","6-4","235","Hamburg Sea Devils",9.87,63.82,22.91,63.8276474661492,22.8870576015525,0.0213642074940851,63.8252949322983,22.894115203105,0.0284856099921135,106.59412
"2495453","3","685","3502","2016-01-03T23:53:36.400",TRUE,63.82,22.91,0.33,0.03,NA,18,"HOME",1451865216.4,"Zaire Rose","QB","QB","2","6-4","235","Hamburg Sea Devils",9.87,63.8,22.94,63.8146459574429,22.9180310638356,0.0252322116696355,63.8092919148858,22.9260621276712,0.0336429488928473,106.59412
"2495453","3","685","3502","2016-01-03T23:53:36.500",TRUE,63.8,22.94,0.36,0.04,NA,19,"HOME",1451865216.5,"Zaire Rose","QB","QB","2","6-4","235","Hamburg Sea Devils",9.87,63.77,22.98,63.7912388394521,22.9516815473973,0.0358990348118395,63.7824776789041,22.9633630947945,0.0478653797491193,106.59412
"2495453","3","685","3502","2016-01-03T23:53:36.600",TRUE,63.77,22.98,0.37,0.06,NA,20,"HOME",1451865216.6,"Zaire Rose","QB","QB","2","6-4","235","Hamburg Sea Devils",9.87,63.73,23.06,63.757993965175,23.0040120696499,0.0647597231266948,63.7459879303501,23.0280241392998,0.0863462975022597,106.59412
"2495453","3","685","3502","2016-01-03T23:53:36.700",TRUE,63.73,23.06,0.37,0.08,NA,21,"HOME",1451865216.7,"Zaire Rose","QB","QB","2","6-4","235","Hamburg Sea Devils",9.87,63.69,23.13,63.717993965175,23.0810105609437,0.0583736255795363,63.7059879303501,23.1020211218874,0.0778315007727151,106.59412
"2495453","3","685","3502","2016-01-03T23:53:36.800",TRUE,63.69,23.13,0.34,0.08,NA,22,"HOME",1451865216.8,"Zaire Rose","QB","QB","2","6-4","235","Hamburg Sea Devils",9.87,63.64,23.18,63.6762092843227,23.1437907156773,0.049912592859917,63.6624185686454,23.1575814313546,0.0665501238132226,106.59412
"2495453","3","685","3502","2016-01-03T23:53:36.900",TRUE,63.64,23.18,0.29,0.07,NA,23,"HOME",1451865216.9,"Zaire Rose","QB","QB","2","6-4","235","Hamburg Sea Devils",9.87,63.59,23.22,63.6282373307458,23.1894101354033,0.0432592231042828,63.6164746614916,23.1988202708067,0.0576789641390437,106.59412
"2495453","3","685","3502","2016-01-03T23:53:37.000",TRUE,63.59,23.22,0.22,0.07,NA,24,"HOME",1451865217,"Zaire Rose","QB","QB","2","6-4","235","Hamburg Sea Devils",9.87,63.55,23.26,63.5828612765906,23.2271387234094,0.0358197908618893,63.5757225531811,23.2342774468189,0.0477597211491857,106.59412
"2495453","3","685","3502","2016-01-03T23:53:37.100",TRUE,63.55,23.26,0.17,0.06,NA,25,"HOME",1451865217.1,"Zaire Rose","QB","QB","2","6-4","235","Hamburg Sea Devils",9.87,63.52,23.29,63.5458627852968,23.2641372147032,0.02558037957577,63.5417255705936,23.2682744294064,0.0341071727676934,106.59412
"2495453","3","685","3502","2016-01-03T23:53:37.200",TRUE,63.52,23.29,0.17,0.04,NA,26,"HOME",1451865217.2,"Zaire Rose","QB","QB","2","6-4","235","Hamburg Sea Devils",9.87,63.51,23.32,63.5186209284323,23.2941372147032,0.0190664892072273,63.5172418568645,23.2982744294064,0.0254219856096364,106.59412
"2495453","3","685","3502","2016-01-03T23:53:37.300",TRUE,63.51,23.32,0.24,0.03,NA,27,"HOME",1451865217.3,"Zaire Rose","QB","QB","2","6-4","235","Hamburg Sea Devils",9.87,63.51,23.33,63.51,23.3219469245662,0.00645320464157772,63.51,23.3238938491324,0.00860427285543696,106.59412
"2495453","3","685","3502","2016-01-03T23:53:37.400",TRUE,63.51,23.33,0.35,0.02,NA,28,"HOME",1451865217.4,"Zaire Rose","QB","QB","2","6-4","235","Hamburg Sea Devils",9.87,63.52,23.33,63.5128392649924,23.33,0.00711925676897302,63.5156785299848,23.33,0.0094923423586307,106.59412
"2495453","3","685","3502","2016-01-03T23:53:37.500",TRUE,63.52,23.33,0.49,0.01,NA,29,"HOME",1451865217.5,"Zaire Rose","QB","QB","2","6-4","235","Hamburg Sea Devils",9.87,63.55,23.32,63.531924912968,23.3260250290107,0.0251937379721784,63.5438498259361,23.3220500580213,0.0335916506295712,106.59412
"2495453","3","685","3502","2016-01-03T23:53:37.600",TRUE,63.55,23.32,0.66,0.03,"snap",30,"HOME",1451865217.6,"Zaire Rose","QB","QB","2","6-4","235","Hamburg Sea Devils",9.87,63.59,23.29,63.5714161702283,23.3039378723288,0.0449815638217164,63.5928323404566,23.2878757446575,0.0599754184289552,106.59412
"2495453","3","685","3502","2016-01-03T23:53:37.700",TRUE,63.59,23.29,0.84,0.05,NA,31,"HOME",1451865217.7,"Zaire Rose","QB","QB","2","6-4","235","Hamburg Sea Devils",9.87,63.66,23.24,63.6376996518721,23.2559288200913,0.0867649128577434,63.6853993037443,23.2218576401826,0.115686550476991,106.59412
"2495453","3","685","3502","2016-01-03T23:53:37.800",TRUE,63.66,23.24,1.06,0.08,NA,32,"HOME",1451865217.8,"Zaire Rose","QB","QB","2","6-4","235","Hamburg Sea Devils",9.87,63.76,23.17,63.7459891683409,23.1798075821613,0.139378364225272,63.8319783366819,23.1196151643227,0.18583781896703,106.59412
"2495453","3","685","3502","2016-01-03T23:53:37.900",TRUE,63.76,23.17,1.31,0.12,NA,33,"HOME",1451865217.9,"Zaire Rose","QB","QB","2","6-4","235","Hamburg Sea Devils",9.87,63.9,23.11,63.9087774856012,23.1062382204566,0.196975503082947,64.0575549712024,23.0424764409132,0.262634004110596,106.59412
"2495453","3","685","3502","2016-01-03T23:53:38.000",TRUE,63.9,23.11,1.57,0.15,NA,34,"HOME",1451865218,"Zaire Rose","QB","QB","2","6-4","235","Hamburg Sea Devils",9.87,64.06,23.04,64.1037781045967,23.020847079239,0.253343041611283,64.3075562091933,22.9316941584779,0.337790722148377,106.59412
"2495453","3","685","3502","2016-01-03T23:53:38.100",TRUE,64.06,23.04,1.81,0.18,NA,35,"HOME",1451865218.1,"Zaire Rose","QB","QB","2","6-4","235","Hamburg Sea Devils",9.87,64.24,22.98,64.324295009863,22.951901663379,0.302811834765792,64.588590019726,22.863803326758,0.403749113021056,106.59412
"2495453","3","685","3502","2016-01-03T23:53:38.200",TRUE,64.24,22.98,2.04,0.19,NA,36,"HOME",1451865218.2,"Zaire Rose","QB","QB","2","6-4","235","Hamburg Sea Devils",9.87,64.43,22.97,64.5544283174429,22.9634511411872,0.330148871701401,64.8688566348859,22.9469022823744,0.440198495601868,106.59412
"2495453","3","685","3502","2016-01-03T23:53:38.300",TRUE,64.43,22.97,2.26,0.19,NA,37,"HOME",1451865218.3,"Zaire Rose","QB","QB","2","6-4","235","Hamburg Sea Devils",9.87,64.64,22.97,64.815004332968,22.97,0.392371217872236,65.2000086659361,22.97,0.523161623829648,106.59412
"2495453","3","685","3502","2016-01-03T23:53:38.400",TRUE,64.64,22.97,2.48,0.22,NA,38,"HOME",1451865218.4,"Zaire Rose","QB","QB","2","6-4","235","Hamburg Sea Devils",9.87,64.91,22.99,65.1831919539726,23.010236441035,0.541924766528681,65.7263839079452,23.05047288207,0.722566355371575,106.59412
"2495453","3","685","3502","2016-01-03T23:53:38.500",TRUE,64.91,22.99,2.7,0.27,NA,39,"HOME",1451865218.5,"Zaire Rose","QB","QB","2","6-4","235","Hamburg Sea Devils",9.87,65.2,23.01,65.545184139726,23.0338058027397,0.620578581741623,66.1803682794521,23.0776116054795,0.82743810898883,106.59412
"2495453","3","685","3502","2016-01-03T23:53:38.600",TRUE,65.2,23.01,2.91,0.29,NA,40,"HOME",1451865218.6,"Zaire Rose","QB","QB","2","6-4","235","Hamburg Sea Devils",9.87,65.55,23.03,66.0262261127854,23.0572129207306,0.792995243825646,66.8524522255708,23.1044258414612,1.05732699176753,106.59412
"2495453","3","685","3502","2016-01-03T23:53:38.700",TRUE,65.55,23.03,3.09,0.35,NA,41,"HOME",1451865218.7,"Zaire Rose","QB","QB","2","6-4","235","Hamburg Sea Devils",9.87,65.95,23.06,66.5526661515982,23.1051999613699,0.951064026026337,67.5553323031964,23.1803999227397,1.26808536803512,106.59412
"2495453","3","685","3502","2016-01-03T23:53:38.800",TRUE,65.95,23.06,3.22,0.4,NA,42,"HOME",1451865218.8,"Zaire Rose","QB","QB","2","6-4","235","Hamburg Sea Devils",9.87,66.37,23.1,67.0470919930594,23.1644849517199,1.03353640860749,68.1441839861187,23.2689699034399,1.37804854480999,106.59412
"2495453","3","685","3502","2016-01-03T23:53:38.900",TRUE,66.37,23.1,3.34,0.42,NA,43,"HOME",1451865218.9,"Zaire Rose","QB","QB","2","6-4","235","Hamburg Sea Devils",9.87,66.79,23.14,67.5079774089498,23.2083788008524,1.06419179410477,68.6459548178996,23.3167576017047,1.41892239213969,106.59412
"2495453","3","685","3502","2016-01-03T23:53:39.000",TRUE,66.79,23.14,3.44,0.41,NA,44,"HOME",1451865219,"Zaire Rose","QB","QB","2","6-4","235","Hamburg Sea Devils",9.87,67.18,23.18,67.8783308325114,23.2516236751294,1.01262584477767,68.9666616650228,23.3632473502587,1.3501677930369,106.59412
"2495453","3","685","3502","2016-01-03T23:53:39.100",TRUE,67.18,23.18,3.54,0.39,NA,45,"HOME",1451865219.1,"Zaire Rose","QB","QB","2","6-4","235","Hamburg Sea Devils",9.87,67.57,23.21,68.2999683567123,23.2661514120548,1.03400163688111,69.4199367134246,23.3523028241096,1.37866884917481,106.59412
"2495453","3","685","3502","2016-01-03T23:53:39.200",TRUE,67.57,23.21,3.65,0.39,NA,46,"HOME",1451865219.2,"Zaire Rose","QB","QB","2","6-4","235","Hamburg Sea Devils",9.87,67.98,23.24,68.7839885888889,23.2988284333333,1.11410415383986,69.9979771777778,23.3876568666667,1.48547220511981,106.59412
"2495453","3","685","3502","2016-01-03T23:53:39.300",TRUE,67.98,23.24,3.73,0.41,"passForward",47,"HOME",1451865219.3,"Zaire Rose","QB","QB","2","6-4","235","Hamburg Sea Devils",9.87,68.41,23.28,69.2811134632268,23.3610338105327,1.1912856315503,70.5822269264535,23.4820676210655,1.58838084206706,106.59412
"2495453","3","685","3502","2016-01-03T23:53:39.400",TRUE,68.41,23.28,3.78,0.44,NA,48,"HOME",1451865219.4,"Zaire Rose","QB","QB","2","6-4","235","Hamburg Sea Devils",9.87,68.83,23.3,69.697890600548,23.3413281238356,1.1726221171424,70.9857812010959,23.4026562476712,1.56349615618987,106.59412
"2495453","3","685","3502","2016-01-03T23:53:39.500",TRUE,68.83,23.3,3.8,0.42,NA,49,"HOME",1451865219.5,"Zaire Rose","QB","QB","2","6-4","235","Hamburg Sea Devils",9.87,69.22,23.3,70.0322259196347,23.3,1.09235386617504,71.2344518392694,23.3,1.45647182156672,106.59412
"2495453","3","685","3502","2016-01-03T23:53:39.600",TRUE,69.22,23.3,3.76,0.38,NA,50,"HOME",1451865219.6,"Zaire Rose","QB","QB","2","6-4","235","Hamburg Sea Devils",9.87,69.56,23.3,70.2570618189346,23.3,0.944073672414426,71.2941236378691,23.3,1.25876489655257,106.59412
"2495453","3","685","3502","2016-01-03T23:53:39.700",TRUE,69.56,23.3,3.67,0.34,NA,51,"HOME",1451865219.7,"Zaire Rose","QB","QB","2","6-4","235","Hamburg Sea Devils",9.87,69.9,23.29,70.5722385307154,23.2702282785084,0.925945549064129,71.5844770614308,23.2404565570167,1.23459406541884,106.59412
"2495453","3","685","3502","2016-01-03T23:53:39.800",TRUE,69.9,23.29,3.54,0.34,NA,52,"HOME",1451865219.8,"Zaire Rose","QB","QB","2","6-4","235","Hamburg Sea Devils",9.87,70.25,23.27,70.9050998073059,23.2325657252968,0.926726223313455,71.9101996146118,23.1751314505936,1.23563496441794,106.59412
"2495453","3","685","3502","2016-01-03T23:53:39.900",TRUE,70.25,23.27,3.41,0.35,NA,53,"HOME",1451865219.9,"Zaire Rose","QB","QB","2","6-4","235","Hamburg Sea Devils",9.87,70.62,23.26,71.273514468828,23.2423374467884,0.949308316252157,72.297028937656,23.2146748935769,1.26574442166954,106.59412
"2495453","3","685","3502","2016-01-03T23:53:40.000",TRUE,70.62,23.26,3.29,0.36,NA,54,"HOME",1451865220,"Zaire Rose","QB","QB","2","6-4","235","Hamburg Sea Devils",9.87,70.99,23.3,71.6074963643531,23.3667563637139,0.927450179019632,72.5949927287062,23.4735127274277,1.23660023869284,106.59412
"2495453","3","685","3502","2016-01-03T23:53:40.100",TRUE,70.99,23.3,3.15,0.37,NA,55,"HOME",1451865220.1,"Zaire Rose","QB","QB","2","6-4","235","Hamburg Sea Devils",9.87,71.35,23.33,71.9099218575342,23.3766601547945,0.869643150829728,72.8298437150685,23.453320309589,1.1595242011063,106.59412
"2495453","3","685","3502","2016-01-03T23:53:40.200",TRUE,71.35,23.33,2.98,0.37,NA,56,"HOME",1451865220.2,"Zaire Rose","QB","QB","2","6-4","235","Hamburg Sea Devils",9.87,71.7,23.31,72.1961009677321,23.2816513732724,0.807854241546547,73.0422019354643,23.2333027465449,1.07713898872873,106.59412
"2495453","3","685","3502","2016-01-03T23:53:40.300",TRUE,71.7,23.31,2.79,0.35,NA,57,"HOME",1451865220.3,"Zaire Rose","QB","QB","2","6-4","235","Hamburg Sea Devils",9.87,72.03,23.3,72.4468889367123,23.2873670019178,0.722817274265253,73.1937778734247,23.2647340038356,0.963756365687004,106.59412
"2495453","3","685","3502","2016-01-03T23:53:40.400",TRUE,72.03,23.3,2.58,0.33,NA,58,"HOME",1451865220.4,"Zaire Rose","QB","QB","2","6-4","235","Hamburg Sea Devils",9.87,72.32,23.29,72.636953733516,23.2790705609132,0.598391992242438,73.2439074670319,23.2581411218265,0.797855989656584,106.59412
"2495453","3","685","3502","2016-01-03T23:53:40.500",TRUE,72.32,23.29,2.37,0.29,NA,59,"HOME",1451865220.5,"Zaire Rose","QB","QB","2","6-4","235","Hamburg Sea Devils",9.87,72.55,23.24,72.7621952421005,23.1938705995434,0.455454225716208,73.2043904842009,23.0977411990868,0.607272300954944,106.59412
"2495453","3","685","3502","2016-01-03T23:53:40.600",TRUE,72.55,23.24,2.18,0.24,NA,60,"HOME",1451865220.6,"Zaire Rose","QB","QB","2","6-4","235","Hamburg Sea Devils",9.87,72.75,23.14,72.9036912961948,23.0631543519026,0.406963078585815,73.2573825923897,22.8863087038052,0.54261743811442,106.59412
"2495453","3","685","3502","2016-01-03T23:53:40.700",TRUE,72.75,23.14,1.97,0.23,NA,61,"HOME",1451865220.7,"Zaire Rose","QB","QB","2","6-4","235","Hamburg Sea Devils",9.87,72.92,22.99,73.0216770988432,22.9002849127854,0.383793103581779,73.2933541976865,22.6605698255708,0.511724138109038,106.59412
"2495453","3","685","3502","2016-01-03T23:53:40.800",TRUE,72.92,22.99,1.75,0.22,NA,62,"HOME",1451865220.8,"Zaire Rose","QB","QB","2","6-4","235","Hamburg Sea Devils",9.87,73.08,22.83,73.1471411993912,22.7628588006088,0.352903618176043,73.3742823987823,22.5357176012177,0.470538157568057,106.59412
"2495453","3","685","3502","2016-01-03T23:53:40.900",TRUE,73.08,22.83,1.51,0.23,NA,63,"HOME",1451865220.9,"Zaire Rose","QB","QB","2","6-4","235","Hamburg Sea Devils",9.87,73.22,22.69,73.2514916055403,22.6585083944597,0.280018681921694,73.4229832110807,22.4870167889193,0.373358242562259,106.59412
"2495453","3","685","3502","2016-01-03T23:53:41.000",TRUE,73.22,22.69,1.25,0.2,NA,64,"HOME",1451865221,"Zaire Rose","QB","QB","2","6-4","235","Hamburg Sea Devils",9.87,73.31,22.59,73.3112620890411,22.5885976788432,0.169095562481552,73.4025241780822,22.4871953576865,0.225460749975403,106.59412
"2495453","3","685","3502","2016-01-03T23:53:41.100",TRUE,73.31,22.59,0.99,0.14,NA,65,"HOME",1451865221.1,"Zaire Rose","QB","QB","2","6-4","235","Hamburg Sea Devils",9.87,73.37,22.52,73.3581863830137,22.5337825531507,0.101363997080617,73.4063727660274,22.4775651063014,0.135151996107489,106.59412
"2495453","3","685","3502","2016-01-03T23:53:41.200",TRUE,73.37,22.52,0.73,0.09,NA,66,"HOME",1451865221.2,"Zaire Rose","QB","QB","2","6-4","235","Hamburg Sea Devils",9.87,73.41,22.5,73.3936875822222,22.5081562088889,0.0421282546547066,73.4173751644444,22.4963124177778,0.0561710062062755,106.59412
"2495453","3","685","3502","2016-01-03T23:53:41.300",TRUE,73.41,22.5,0.52,0.04,NA,67,"HOME",1451865221.3,"Zaire Rose","QB","QB","2","6-4","235","Hamburg Sea Devils",9.87,73.42,22.5,73.4142183365601,22.5,0.00814861005675868,73.4184366731202,22.5,0.0108648134090116,106.59412
"2495453","3","685","3502","2016-01-03T23:53:41.400",TRUE,73.42,22.5,0.38,0.01,NA,68,"HOME",1451865221.4,"Zaire Rose","QB","QB","2","6-4","235","Hamburg Sea Devils",9.87,73.4,22.5,73.4138347388737,22.5,0.0146018146983306,73.4076694777473,22.5,0.0194690862644408,106.59412
"2495453","3","685","3502","2016-01-03T23:53:41.500",TRUE,73.4,22.5,0.33,0.02,NA,69,"HOME",1451865221.5,"Zaire Rose","QB","QB","2","6-4","235","Hamburg Sea Devils",9.87,73.37,22.53,73.3919689361644,22.5080310638356,0.0296906630018239,73.3839378723288,22.5160621276712,0.0395875506690985,106.59412
"2495453","3","685","3502","2016-01-03T23:53:41.600",TRUE,73.37,22.53,0.38,0.04,NA,70,"HOME",1451865221.6,"Zaire Rose","QB","QB","2","6-4","235","Hamburg Sea Devils",9.87,73.32,22.55,73.3545868471842,22.5361652611263,0.0393165893168901,73.3391736943683,22.5423305222527,0.0524221190891868,106.59412
"2495453","3","685","3502","2016-01-03T23:53:41.700",TRUE,73.32,22.55,0.51,0.06,NA,71,"HOME",1451865221.7,"Zaire Rose","QB","QB","2","6-4","235","Hamburg Sea Devils",9.87,73.24,22.56,73.2869022823744,22.5541372147032,0.0652080233020379,73.2538045647488,22.5582744294064,0.0869440310693838,106.59412
"2495453","3","685","3502","2016-01-03T23:53:41.800",TRUE,73.24,22.56,0.69,0.08,NA,72,"HOME",1451865221.8,"Zaire Rose","QB","QB","2","6-4","235","Hamburg Sea Devils",9.87,73.13,22.59,73.1784285105936,22.5767922243836,0.104644882579048,73.1168570211872,22.5935844487671,0.139526510105397,106.59412
"2495453","3","685","3502","2016-01-03T23:53:41.900",TRUE,73.13,22.59,0.87,0.12,NA,73,"HOME",1451865221.9,"Zaire Rose","QB","QB","2","6-4","235","Hamburg Sea Devils",9.87,72.99,22.64,73.0311935782648,22.6252880077626,0.152642814119523,72.9323871565297,22.6605760155251,0.203523752159364,106.59412
"2495453","3","685","3502","2016-01-03T23:53:42.000",TRUE,72.99,22.64,1.04,0.15,NA,74,"HOME",1451865222,"Zaire Rose","QB","QB","2","6-4","235","Hamburg Sea Devils",9.87,72.86,22.68,72.8803232494368,22.673746692481,0.153658806204581,72.7706464988737,22.7074933849619,0.204878408272774,106.59412
"2495453","3","685","3502","2016-01-03T23:53:42.100",TRUE,72.86,22.68,1.21,0.14,NA,75,"HOME",1451865222.1,"Zaire Rose","QB","QB","2","6-4","235","Hamburg Sea Devils",9.87,72.72,22.68,72.7225795743683,22.68,0.172572027618119,72.5851591487367,22.68,0.230096036824158,106.59412
"2495453","3","685","3502","2016-01-03T23:53:42.200",TRUE,72.72,22.68,1.35,0.13,NA,76,"HOME",1451865222.2,"Zaire Rose","QB","QB","2","6-4","235","Hamburg Sea Devils",9.87,72.57,22.68,72.555728239726,22.68,0.197614141633236,72.391456479452,22.68,0.263485522177648,106.59412
"2495453","3","685","3502","2016-01-03T23:53:42.300",TRUE,72.57,22.68,1.45,0.15,NA,77,"HOME",1451865222.3,"Zaire Rose","QB","QB","2","6-4","235","Hamburg Sea Devils",9.87,72.4,22.7,72.3700346226788,22.7035253385084,0.235871806057593,72.1700692453577,22.7270506770167,0.314495741410124,106.59412
"2495453","3","685","3502","2016-01-03T23:53:42.400",TRUE,72.4,22.7,1.55,0.17,NA,78,"HOME",1451865222.4,"Zaire Rose","QB","QB","2","6-4","235","Hamburg Sea Devils",9.87,72.22,22.74,72.1736700191781,22.7502955512938,0.265251456554622,71.9473400383562,22.8005911025875,0.353668608739497,106.59412
"2495453","3","685","3502","2016-01-03T23:53:42.500",TRUE,72.22,22.74,1.63,0.19,NA,79,"HOME",1451865222.5,"Zaire Rose","QB","QB","2","6-4","235","Hamburg Sea Devils",9.87,72.03,22.81,71.968765609102,22.8325600387519,0.301088102948331,71.717531218204,22.9251200775038,0.401450803931108,106.59412
"2495453","3","685","3502","2016-01-03T23:53:42.600",TRUE,72.03,22.81,1.72,0.2,NA,80,"HOME",1451865222.6,"Zaire Rose","QB","QB","2","6-4","235","Hamburg Sea Devils",9.87,71.84,22.85,71.7648937715677,22.8658118375647,0.299298039324902,71.4997875431355,22.9216236751294,0.399064052433203,106.59412
"2495453","3","685","3502","2016-01-03T23:53:42.700",TRUE,71.84,22.85,1.81,0.19,NA,81,"HOME",1451865222.7,"Zaire Rose","QB","QB","2","6-4","235","Hamburg Sea Devils",9.87,71.66,22.86,71.575704990137,22.8646830561035,0.287715510357636,71.311409980274,22.879366112207,0.383620680476848,106.59412
"2495453","3","685","3502","2016-01-03T23:53:42.800",TRUE,71.66,22.86,1.87,0.18,NA,82,"HOME",1451865222.8,"Zaire Rose","QB","QB","2","6-4","235","Hamburg Sea Devils",9.87,71.46,22.89,71.3566042550989,22.9055093617352,0.3301099432394,71.0532085101979,22.9510187234703,0.440146590985867,106.59412
"2495453","3","685","3502","2016-01-03T23:53:42.900",TRUE,71.46,22.89,1.91,0.2,NA,83,"HOME",1451865222.9,"Zaire Rose","QB","QB","2","6-4","235","Hamburg Sea Devils",9.87,71.24,22.93,71.1191259571994,22.951977098691,0.370406604493185,70.7782519143988,23.013954197382,0.49387547265758,106.59412
"2495453","3","685","3502","2016-01-03T23:53:43.000",TRUE,71.24,22.93,1.96,0.22,NA,84,"HOME",1451865223,"Zaire Rose","QB","QB","2","6-4","235","Hamburg Sea Devils",9.87,71.04,23.01,70.9220023208524,23.0571990716591,0.363344348260268,70.6040046417047,23.1843981433181,0.484459131013691,106.59412
"2495453","3","685","3502","2016-01-03T23:53:43.100",TRUE,71.04,23.01,2.01,0.21,NA,85,"HOME",1451865223.1,"Zaire Rose","QB","QB","2","6-4","235","Hamburg Sea Devils",9.87,70.88,23.11,70.7791121081278,23.1730549324201,0.323974022912609,70.5182242162557,23.3361098648402,0.431965363883479,106.59412
"2495453","3","685","3502","2016-01-03T23:53:43.200",TRUE,70.88,23.11,2.07,0.2,NA,86,"HOME",1451865223.2,"Zaire Rose","QB","QB","2","6-4","235","Hamburg Sea Devils",9.87,70.71,23.21,70.5945321854795,23.2779222438356,0.345822367101374,70.3090643709589,23.4458444876712,0.461096489468499,106.59412
"2495453","3","685","3502","2016-01-03T23:53:43.300",TRUE,70.71,23.21,2.11,0.19,NA,87,"HOME",1451865223.3,"Zaire Rose","QB","QB","2","6-4","235","Hamburg Sea Devils",9.87,70.54,23.32,70.4190158992085,23.3982838299239,0.359938405561837,70.1280317984171,23.5865676598478,0.479917874082449,106.59412
"2495453","3","685","3502","2016-01-03T23:53:43.400",TRUE,70.54,23.32,2.15,0.2,NA,88,"HOME",1451865223.4,"Zaire Rose","QB","QB","2","6-4","235","Hamburg Sea Devils",9.87,70.34,23.41,70.1911760152207,23.4769707931507,0.395171985276348,69.8423520304414,23.6339415863014,0.526895980368464,106.59412
"2495453","3","685","3502","2016-01-03T23:53:43.500",TRUE,70.34,23.41,2.2,0.22,NA,89,"HOME",1451865223.5,"Zaire Rose","QB","QB","2","6-4","235","Hamburg Sea Devils",9.87,70.12,23.5,69.947370212481,23.5706212767123,0.435486209910018,69.5547404249619,23.7312425534247,0.580648279880025,106.59412
"2495453","3","685","3502","2016-01-03T23:53:43.600",TRUE,70.12,23.5,2.25,0.23,NA,90,"HOME",1451865223.6,"Zaire Rose","QB","QB","2","6-4","235","Hamburg Sea Devils",9.87,69.91,23.58,69.7366992260274,23.6460193424657,0.418517706752573,69.3533984520548,23.7920386849315,0.558023609003431,106.59412
"2495453","3","685","3502","2016-01-03T23:53:43.700",TRUE,69.91,23.58,2.33,0.23,NA,91,"HOME",1451865223.7,"Zaire Rose","QB","QB","2","6-4","235","Hamburg Sea Devils",9.87,69.7,23.64,69.5130707540639,23.6934083559817,0.417329279511408,69.1161415081279,23.8068167119635,0.556439039348544,106.59412
"2495453","3","685","3502","2016-01-03T23:53:43.800",TRUE,69.7,23.64,2.4,0.22,NA,92,"HOME",1451865223.8,"Zaire Rose","QB","QB","2","6-4","235","Hamburg Sea Devils",9.87,69.49,23.71,69.2911458410959,23.7762847196347,0.432360278266188,68.8822916821917,23.9125694392694,0.576480371021584,106.59412
"2495453","3","685","3502","2016-01-03T23:53:43.900",TRUE,69.49,23.71,2.45,0.22,NA,93,"HOME",1451865223.9,"Zaire Rose","QB","QB","2","6-4","235","Hamburg Sea Devils",9.87,69.26,23.76,69.0328783362253,23.8093742747336,0.466855684037086,68.5757566724506,23.9087485494673,0.622474245382781,106.59412
"2495453","3","685","3502","2016-01-03T23:53:44.000",TRUE,69.26,23.76,2.5,0.23,NA,94,"HOME",1451865224,"Zaire Rose","QB","QB","2","6-4","235","Hamburg Sea Devils",9.87,69.02,23.79,68.7732688584475,23.8208413926941,0.4870623156443,68.2865377168949,23.8816827853881,0.649416420859067,106.59412
"2495453","3","685","3502","2016-01-03T23:53:44.100",TRUE,69.02,23.79,2.56,0.25,NA,95,"HOME",1451865224.1,"Zaire Rose","QB","QB","2","6-4","235","Hamburg Sea Devils",9.87,68.77,23.83,68.5008201156773,23.8730687814916,0.519040052827838,67.9816402313546,23.9561375629833,0.692053403770451,106.59412
"2495453","3","685","3502","2016-01-03T23:53:44.200",TRUE,68.77,23.83,2.64,0.25,NA,96,"HOME",1451865224.2,"Zaire Rose","QB","QB","2","6-4","235","Hamburg Sea Devils",9.87,68.51,23.87,68.2131795740639,23.9156646809132,0.552035766289667,67.6563591481279,24.0013293618265,0.736047688386223,106.59412
"2495453","3","685","3502","2016-01-03T23:53:44.300",TRUE,68.51,23.87,2.72,0.26,NA,97,"HOME",1451865224.3,"Zaire Rose","QB","QB","2","6-4","235","Hamburg Sea Devils",9.87,68.24,23.93,67.9142410827397,24.0023908705023,0.593821250011202,67.3184821654794,24.1347817410046,0.791761666681603,106.59412
"2495453","3","685","3502","2016-01-03T23:53:44.400",TRUE,68.24,23.93,2.79,0.28,NA,98,"HOME",1451865224.4,"Zaire Rose","QB","QB","2","6-4","235","Hamburg Sea Devils",9.87,67.95,23.99,67.5836430556164,24.0657979884931,0.648358293815121,66.9272861112329,24.2015959769863,0.864477725086828,106.59412
"2495453","3","685","3502","2016-01-03T23:53:44.500",TRUE,67.95,23.99,2.85,0.29,NA,99,"HOME",1451865224.5,"Zaire Rose","QB","QB","2","6-4","235","Hamburg Sea Devils",9.87,67.64,24.05,67.2332883940639,24.1287183753425,0.70276545018361,66.5165767881278,24.2674367506849,0.937020600244814,106.59412
"2495453","3","685","3502","2016-01-03T23:53:44.600",TRUE,67.64,24.05,2.89,0.31,NA,100,"HOME",1451865224.6,"Zaire Rose","QB","QB","2","6-4","235","Hamburg Sea Devils",9.87,67.31,24.11,66.8663408505023,24.1906652999087,0.754639599021845,66.0926817010046,24.3313305998173,1.00618613202913,106.59412
"2495453","3","685","3502","2016-01-03T23:53:44.700",TRUE,67.31,24.11,2.94,0.33,NA,101,"HOME",1451865224.7,"Zaire Rose","QB","QB","2","6-4","235","Hamburg Sea Devils",9.87,67,24.15,66.5706553959817,24.2053993037443,0.712714496279909,65.8313107919635,24.3007986074886,0.950285995039878,106.59412
"2495453","3","685","3502","2016-01-03T23:53:44.800",TRUE,67,24.15,3,0.32,NA,102,"HOME",1451865224.8,"Zaire Rose","QB","QB","2","6-4","235","Hamburg Sea Devils",9.87,66.69,24.14,66.2455667305936,24.1256634429224,0.718490331432245,65.4911334611872,24.1013268858448,0.957987108576327,106.59412
"2495453","3","685","3502","2016-01-03T23:53:44.900",TRUE,66.69,24.14,3.06,0.3,NA,103,"HOME",1451865224.9,"Zaire Rose","QB","QB","2","6-4","235","Hamburg Sea Devils",9.87,66.38,24.15,65.9204780652055,24.1648232882192,0.729758525577036,65.1509561304109,24.1896465764383,0.973011367436048,106.59412
"2495453","3","685","3502","2016-01-03T23:53:45.000",TRUE,66.38,24.15,3.11,0.31,NA,104,"HOME",1451865225,"Zaire Rose","QB","QB","2","6-4","235","Hamburg Sea Devils",9.87,66.05,24.19,65.5474463823744,24.2509155900152,0.792182807805885,64.7148927647489,24.3518311800305,1.05624374374118,106.59412
"2495453","3","685","3502","2016-01-03T23:53:45.100",TRUE,66.05,24.19,3.15,0.33,NA,105,"HOME",1451865225.1,"Zaire Rose","QB","QB","2","6-4","235","Hamburg Sea Devils",9.87,65.73,24.25,65.2322916821918,24.343320309589,0.783770219265185,64.4145833643836,24.4966406191781,1.04502695902025,106.59412
"2495453","3","685","3502","2016-01-03T23:53:45.200",TRUE,65.73,24.25,3.19,0.34,NA,106,"HOME",1451865225.2,"Zaire Rose","QB","QB","2","6-4","235","Hamburg Sea Devils",9.87,65.39,24.3,64.8501523397869,24.379389361796,0.83561910741547,63.9703046795738,24.5087787235921,1.11415880988729,106.59412
"2495453","3","685","3502","2016-01-03T23:53:45.300",TRUE,65.39,24.3,3.23,0.34,NA,107,"HOME",1451865225.3,"Zaire Rose","QB","QB","2","6-4","235","Hamburg Sea Devils",9.87,65.07,24.34,64.5515244868188,24.4048094391476,0.791962430499838,63.7130489736377,24.5096188782953,1.05594990733312,106.59412
"2495453","3","685","3502","2016-01-03T23:53:45.400",TRUE,65.07,24.34,3.26,0.32,NA,108,"HOME",1451865225.4,"Zaire Rose","QB","QB","2","6-4","235","Hamburg Sea Devils",9.87,64.77,24.38,64.2766282392694,24.4457829014307,0.748748991964729,63.4832564785388,24.5515658028615,0.998331989286305,106.59412
"2495453","3","685","3502","2016-01-03T23:53:45.500",TRUE,64.77,24.38,3.28,0.31,"playStopped",109,"HOME",1451865225.5,"Zaire Rose","QB","QB","2","6-4","235","Hamburg Sea Devils",9.87,64.46,24.42,63.9451529587823,24.4864318762862,0.777063486098845,63.1203059175647,24.5928637525723,1.03608464813179,106.59412
"2530702","3","685","3502","2016-01-03T23:53:34.700",TRUE,65.98,22.98,0.18,0.06,NA,1,"HOME",1451865214.7,"Spencer Hawkins","RB","RB","32","5-8","203","Hamburg Sea Devils",9.04,65.95,22.91,65.976215924274,22.9711704899726,0.0463793231493105,65.972431848548,22.9623409799452,0.0618390975324139,92.079176
"2530702","3","685","3502","2016-01-03T23:53:34.800",TRUE,65.95,22.91,0.11,0.08,NA,2,"HOME",1451865214.8,"Spencer Hawkins","RB","RB","32","5-8","203","Hamburg Sea Devils",9.04,65.94,22.88,65.9492291697595,22.9076875092785,0.0179176300637976,65.948458339519,22.9053750185571,0.0238901734183969,92.079176
"2530702","3","685","3502","2016-01-03T23:53:34.900",TRUE,65.94,22.88,0.04,0.02,NA,3,"HOME",1451865214.9,"Spencer Hawkins","RB","RB","32","5-8","203","Hamburg Sea Devils",9.04,65.95,22.9,65.9402803019056,22.8805606038113,0.0117219172814648,65.9405606038113,22.8811212076225,0.015629223041953,92.079176
"2530702","3","685","3502","2016-01-03T23:53:35.000",TRUE,65.95,22.9,0.04,0.01,NA,4,"HOME",1451865215,"Spencer Hawkins","RB","RB","32","5-8","203","Hamburg Sea Devils",9.04,65.95,22.87,65.95,22.8991590942831,0.0157266023207882,65.95,22.8983181885662,0.0209688030943843,92.079176
"2530702","3","685","3502","2016-01-03T23:53:35.100",TRUE,65.95,22.87,0.11,0.02,NA,5,"HOME",1451865215.1,"Spencer Hawkins","RB","RB","32","5-8","203","Hamburg Sea Devils",9.04,65.96,22.81,65.9507708302405,22.8653750185571,0.0344652495752071,65.951541660481,22.8607500371142,0.0459536661002762,92.079176
"2530702","3","685","3502","2016-01-03T23:53:35.200",TRUE,65.96,22.81,0.2,0.06,NA,6,"HOME",1451865215.2,"Spencer Hawkins","RB","RB","32","5-8","203","Hamburg Sea Devils",9.04,65.97,22.77,65.9614015095282,22.8043939618874,0.025608624988812,65.9628030190563,22.7987879237747,0.034144833318416,92.079176
"2530702","3","685","3502","2016-01-03T23:53:35.300",TRUE,65.97,22.77,0.27,0.05,NA,7,"HOME",1451865215.3,"Spencer Hawkins","RB","RB","32","5-8","203","Hamburg Sea Devils",9.04,65.99,22.78,65.973784075726,22.771892037863,0.0148359872967595,65.977568151452,22.773784075726,0.0197813163956794,92.079176
"2530702","3","685","3502","2016-01-03T23:53:35.400",TRUE,65.99,22.78,0.28,0.03,NA,8,"HOME",1451865215.4,"Spencer Hawkins","RB","RB","32","5-8","203","Hamburg Sea Devils",9.04,66.03,22.79,65.9978484533577,22.7819621133394,0.0276058637331048,66.0056969067154,22.7839242266788,0.0368078183108064,92.079176
"2530702","3","685","3502","2016-01-03T23:53:35.500",TRUE,66.03,22.79,0.28,0.04,NA,9,"HOME",1451865215.5,"Spencer Hawkins","RB","RB","32","5-8","203","Hamburg Sea Devils",9.04,66.07,22.84,66.0378484533577,22.7998105666971,0.0428715126933465,66.0456969067154,22.8096211333942,0.057162016924462,92.079176
"2530702","3","685","3502","2016-01-03T23:53:35.600",TRUE,66.07,22.84,0.27,0.06,NA,10,"HOME",1451865215.6,"Spencer Hawkins","RB","RB","32","5-8","203","Hamburg Sea Devils",9.04,66.11,22.96,66.0775681514521,22.8627044543562,0.0839250177851018,66.0851363029041,22.8854089087123,0.111900023713469,92.079176
"2530702","3","685","3502","2016-01-03T23:53:35.700",TRUE,66.11,22.96,0.28,0.12,NA,11,"HOME",1451865215.7,"Spencer Hawkins","RB","RB","32","5-8","203","Hamburg Sea Devils",9.04,66.15,23.06,66.1178484533577,22.9796211333942,0.0721117232226021,66.1256969067154,22.9992422667884,0.0961489642968027,92.079176
"2530702","3","685","3502","2016-01-03T23:53:35.800",TRUE,66.15,23.06,0.3,0.11,NA,12,"HOME",1451865215.8,"Spencer Hawkins","RB","RB","32","5-8","203","Hamburg Sea Devils",9.04,66.19,23.09,66.158409057169,23.0663067928767,0.0340825290098649,66.1668181143379,23.0726135857534,0.0454433720131532,92.079176
"2530702","3","685","3502","2016-01-03T23:53:35.900",TRUE,66.19,23.09,0.28,0.05,NA,13,"HOME",1451865215.9,"Spencer Hawkins","RB","RB","32","5-8","203","Hamburg Sea Devils",9.04,66.26,22.99,66.2037347933759,23.0703788666058,0.081727838570228,66.2174695867519,23.0507577332116,0.108970451426971,92.079176
"2530702","3","685","3502","2016-01-03T23:53:36.000",TRUE,66.26,22.99,0.28,0.11,NA,14,"HOME",1451865216,"Spencer Hawkins","RB","RB","32","5-8","203","Hamburg Sea Devils",9.04,66.34,22.84,66.2756969067154,22.9605682999087,0.113821892057982,66.2913938134307,22.9311365998173,0.151762522743976,92.079176
"2530702","3","685","3502","2016-01-03T23:53:36.100",TRUE,66.34,22.84,0.34,0.17,NA,15,"HOME",1451865216.1,"Spencer Hawkins","RB","RB","32","5-8","203","Hamburg Sea Devils",9.04,66.4,22.74,66.3542953971872,22.8161743380213,0.0823179569639584,66.3685907943744,22.7923486760426,0.109757275951945,92.079176
"2530702","3","685","3502","2016-01-03T23:53:36.200",TRUE,66.4,22.74,0.41,0.12,NA,16,"HOME",1451865216.2,"Spencer Hawkins","RB","RB","32","5-8","203","Hamburg Sea Devils",9.04,66.43,22.74,66.4086192835982,22.74,0.0224476737880932,66.4172385671963,22.74,0.0299302317174577,92.079176
"2530702","3","685","3502","2016-01-03T23:53:36.300",TRUE,66.43,22.74,0.4,0.03,NA,17,"HOME",1451865216.3,"Spencer Hawkins","RB","RB","32","5-8","203","Hamburg Sea Devils",9.04,66.45,22.8,66.4356060381126,22.7568181143379,0.0469408985140787,66.4412120762253,22.7736362286758,0.0625878646854383,92.079176
"2530702","3","685","3502","2016-01-03T23:53:36.400",TRUE,66.45,22.8,0.34,0.06,NA,18,"HOME",1451865216.4,"Spencer Hawkins","RB","RB","32","5-8","203","Hamburg Sea Devils",9.04,66.45,22.9,66.45,22.8238256619787,0.0705870657557011,66.45,22.8476513239574,0.0941160876742681,92.079176
"2530702","3","685","3502","2016-01-03T23:53:36.500",TRUE,66.45,22.9,0.25,0.1,NA,19,"HOME",1451865216.5,"Spencer Hawkins","RB","RB","32","5-8","203","Hamburg Sea Devils",9.04,66.43,23.05,66.4464962261796,22.926278303653,0.0985709971010552,66.4429924523592,22.9525566073059,0.13142799613474,92.079176
"2530702","3","685","3502","2016-01-03T23:53:36.600",TRUE,66.43,23.05,0.14,0.16,NA,20,"HOME",1451865216.6,"Spencer Hawkins","RB","RB","32","5-8","203","Hamburg Sea Devils",9.04,66.38,23.2,66.4250947166515,23.0647158500457,0.0924602981775558,66.4201894333029,23.0794317000913,0.123280397570074,92.079176
"2530702","3","685","3502","2016-01-03T23:53:36.700",TRUE,66.38,23.2,0.06,0.15,NA,21,"HOME",1451865216.7,"Spencer Hawkins","RB","RB","32","5-8","203","Hamburg Sea Devils",9.04,66.3,23.27,66.3766363771324,23.2029431700091,0.0570126733726046,66.3732727542648,23.2058863400183,0.0760168978301394,92.079176
"2530702","3","685","3502","2016-01-03T23:53:36.800",TRUE,66.3,23.27,0.06,0.1,NA,22,"HOME",1451865216.8,"Spencer Hawkins","RB","RB","32","5-8","203","Hamburg Sea Devils",9.04,66.3,23.24,66.3,23.2687386414247,0.0160899034811849,66.3,23.2674772828493,0.0214532046415798,92.079176
"2530702","3","685","3502","2016-01-03T23:53:36.900",TRUE,66.3,23.24,0.18,0.03,NA,23,"HOME",1451865216.9,"Spencer Hawkins","RB","RB","32","5-8","203","Hamburg Sea Devils",9.04,66.47,23.14,66.3214430957808,23.2273864142466,0.120111671354388,66.3428861915616,23.2147728284931,0.160148895139184,92.079176
"2530702","3","685","3502","2016-01-03T23:53:37.000",TRUE,66.47,23.14,0.39,0.2,NA,24,"HOME",1451865217,"Spencer Hawkins","RB","RB","32","5-8","203","Hamburg Sea Devils",9.04,66.65,23.06,66.5191929844384,23.1181364513607,0.145003897101387,66.5683859688767,23.0962729027215,0.193338529468516,92.079176
"2530702","3","685","3502","2016-01-03T23:53:37.100",TRUE,66.65,23.06,0.62,0.2,NA,25,"HOME",1451865217.1,"Spencer Hawkins","RB","RB","32","5-8","203","Hamburg Sea Devils",9.04,66.66,23.06,66.6543446795373,23.06,0.0087541119907378,66.6586893590746,23.06,0.0116721493209837,92.079176
"2530702","3","685","3502","2016-01-03T23:53:37.200",TRUE,66.66,23.06,0.8,0.01,NA,26,"HOME",1451865217.2,"Spencer Hawkins","RB","RB","32","5-8","203","Hamburg Sea Devils",9.04,66.55,23.11,66.598333580761,23.0880301905632,0.118945691512106,66.5366671615221,23.1160603811263,0.158594255349475,92.079176
"2530702","3","685","3502","2016-01-03T23:53:37.300",TRUE,66.55,23.11,1,0.11,NA,27,"HOME",1451865217.3,"Spencer Hawkins","RB","RB","32","5-8","203","Hamburg Sea Devils",9.04,66.4,23.14,66.4448867853881,23.1310226429224,0.16910927801207,66.3397735707763,23.1520452858447,0.225479037349426,92.079176
"2530702","3","685","3502","2016-01-03T23:53:37.400",TRUE,66.4,23.14,1.2,0.15,NA,28,"HOME",1451865217.4,"Spencer Hawkins","RB","RB","32","5-8","203","Hamburg Sea Devils",9.04,66.27,23.15,66.2906822568036,23.1484090571689,0.159929375998373,66.1813645136073,23.1568181143379,0.213239167997831,92.079176
"2530702","3","685","3502","2016-01-03T23:53:37.500",TRUE,66.27,23.15,1.38,0.14,NA,29,"HOME",1451865217.5,"Spencer Hawkins","RB","RB","32","5-8","203","Hamburg Sea Devils",9.04,66.18,23.16,66.1829662583014,23.1596704157443,0.120943060046327,66.0959325166028,23.1693408314886,0.161257413395103,92.079176
"2530702","3","685","3502","2016-01-03T23:53:37.600",TRUE,66.18,23.16,1.57,0.09,"snap",30,"HOME",1451865217.6,"Spencer Hawkins","RB","RB","32","5-8","203","Hamburg Sea Devils",9.04,66.14,23.18,66.1359926008158,23.1820036995921,0.0648745052012435,66.0919852016317,23.2040073991842,0.0864993402683246,92.079176
"2530702","3","685","3502","2016-01-03T23:53:37.700",TRUE,66.14,23.18,1.84,0.04,NA,31,"HOME",1451865217.7,"Spencer Hawkins","RB","RB","32","5-8","203","Hamburg Sea Devils",9.04,66.17,23.31,66.1786816629772,23.3476205395677,0.215350942760848,66.2173633259543,23.5152410791355,0.287134590347797,92.079176
"2530702","3","685","3502","2016-01-03T23:53:37.800",TRUE,66.17,23.31,2.19,0.13,NA,32,"HOME",1451865217.8,"Spencer Hawkins","RB","RB","32","5-8","203","Hamburg Sea Devils",9.04,66.2,23.54,66.216039588,23.6629701746667,0.423548961268553,66.262079176,24.0159403493333,0.564731948358071,92.079176
"2530702","3","685","3502","2016-01-03T23:53:37.900",TRUE,66.2,23.54,2.57,0.24,NA,33,"HOME",1451865217.9,"Spencer Hawkins","RB","RB","32","5-8","203","Hamburg Sea Devils",9.04,66.22,23.84,66.2360187948737,24.080281923105,0.61821123139607,66.2720375897473,24.62056384621,0.824281641861426,92.079176
"2530702","3","685","3502","2016-01-03T23:53:38.000",TRUE,66.22,23.84,2.95,0.3,NA,34,"HOME",1451865218,"Spencer Hawkins","RB","RB","32","5-8","203","Hamburg Sea Devils",9.04,66.21,24.17,66.1993277344597,24.5221847628311,0.754802451846513,66.1786554689193,25.2043695256621,1.00640326912868,92.079176
"2530702","3","685","3502","2016-01-03T23:53:38.100",TRUE,66.21,24.17,3.25,0.33,NA,35,"HOME",1451865218.1,"Spencer Hawkins","RB","RB","32","5-8","203","Hamburg Sea Devils",9.04,66.16,24.58,66.0961273508371,25.1037557231355,1.01932758693377,65.9822547016743,26.0375114462709,1.35910344924503,92.079176
"2530702","3","685","3502","2016-01-03T23:53:38.200",TRUE,66.16,24.58,3.56,0.42,NA,36,"HOME",1451865218.2,"Spencer Hawkins","RB","RB","32","5-8","203","Hamburg Sea Devils",9.04,66.13,25.03,66.0851593911963,25.7026091320548,1.19766674102575,66.0103187823927,26.8252182641096,1.59688898803434,92.079176
"2530702","3","685","3502","2016-01-03T23:53:38.300",TRUE,66.13,25.03,3.96,0.46,NA,37,"HOME",1451865218.3,"Spencer Hawkins","RB","RB","32","5-8","203","Hamburg Sea Devils",9.04,66.18,25.52,66.2687494432877,26.3897445442192,1.42728912490254,66.4074988865754,27.7494890884383,1.90305216653673,92.079176
"2530702","3","685","3502","2016-01-03T23:53:38.400",TRUE,66.18,25.52,4.37,0.49,NA,38,"HOME",1451865218.4,"Spencer Hawkins","RB","RB","32","5-8","203","Hamburg Sea Devils",9.04,66.27,26.02,66.4556068487123,27.0511491595129,1.59830154347639,66.7312136974246,28.5822983190259,2.13106872463518,92.079176
"2530702","3","685","3502","2016-01-03T23:53:38.500",TRUE,66.27,26.02,4.79,0.51,NA,39,"HOME",1451865218.5,"Spencer Hawkins","RB","RB","32","5-8","203","Hamburg Sea Devils",9.04,66.4,26.57,66.7063599915921,27.8661384259665,1.92172669044207,67.1427199831842,29.712276851933,2.56230225392277,92.079176
"2530702","3","685","3502","2016-01-03T23:53:38.600",TRUE,66.4,26.57,5.19,0.56,NA,40,"HOME",1451865218.6,"Spencer Hawkins","RB","RB","32","5-8","203","Hamburg Sea Devils",9.04,66.52,27.17,66.8364300670685,28.7521503353425,2.22881510581353,67.2728601341369,30.9343006706849,2.97175347441803,92.079176
"2530702","3","685","3502","2016-01-03T23:53:38.700",TRUE,66.52,27.17,5.5,0.61,NA,41,"HOME",1451865218.7,"Spencer Hawkins","RB","RB","32","5-8","203","Hamburg Sea Devils",9.04,66.62,27.75,66.9054151202436,29.4054076974125,2.25432884998505,67.2908302404871,31.640815394825,3.00577179998007,92.079176
"2530702","3","685","3502","2016-01-03T23:53:38.800",TRUE,66.62,27.75,5.73,0.6,NA,42,"HOME",1451865218.8,"Spencer Hawkins","RB","RB","32","5-8","203","Hamburg Sea Devils",9.04,66.71,28.36,66.9813792318356,30.1993481268858,2.44762407381653,67.3427584636711,32.6486962537717,3.2634987650887,92.079176
"2530702","3","685","3502","2016-01-03T23:53:38.900",TRUE,66.71,28.36,5.93,0.61,NA,43,"HOME",1451865218.9,"Spencer Hawkins","RB","RB","32","5-8","203","Hamburg Sea Devils",9.04,66.8,28.92,67.083992817589,30.687066420554,2.32014621350707,67.4579856351781,33.0141328411081,3.09352828467609,92.079176
"2530702","3","685","3502","2016-01-03T23:53:39.000",TRUE,66.8,28.92,6.11,0.57,NA,44,"HOME",1451865219,"Spencer Hawkins","RB","RB","32","5-8","203","Hamburg Sea Devils",9.04,66.86,29.5,67.0568966965114,31.4033347329437,2.44877636348826,67.3137933930228,33.8866694658874,3.26503515131767,92.079176
"2530702","3","685","3502","2016-01-03T23:53:39.100",TRUE,66.86,29.5,6.23,0.59,NA,45,"HOME",1451865219.1,"Spencer Hawkins","RB","RB","32","5-8","203","Hamburg Sea Devils",9.04,66.84,30.26,66.7726859563958,32.817933656962,3.24805464591563,66.6853719127915,36.1358673139239,4.33073952788751,92.079176
"2530702","3","685","3502","2016-01-03T23:53:39.200",TRUE,66.84,30.26,6.34,0.76,NA,46,"HOME",1451865219.2,"Spencer Hawkins","RB","RB","32","5-8","203","Hamburg Sea Devils",9.04,66.81,31.01,66.7067164438721,33.5920889031963,3.2567639849858,66.5734328877443,36.9241778063927,4.34235197998106,92.079176
"2530702","3","685","3502","2016-01-03T23:53:39.300",TRUE,66.81,31.01,6.4,0.74,"passForward",47,"HOME",1451865219.3,"Spencer Hawkins","RB","RB","32","5-8","203","Hamburg Sea Devils",9.04,66.73,31.76,66.4512135607915,34.3736228675799,3.30002405703757,66.092427121583,37.7372457351598,4.40003207605009,92.079176
"2530702","3","685","3502","2016-01-03T23:53:39.400",TRUE,66.73,31.76,6.41,0.76,NA,48,"HOME",1451865219.4,"Spencer Hawkins","RB","RB","32","5-8","203","Hamburg Sea Devils",9.04,66.61,32.51,66.1909794354703,35.1288785283105,3.32774492101325,65.6519588709406,38.497757056621,4.43699322801767,92.079176
"2530702","3","685","3502","2016-01-03T23:53:39.500",TRUE,66.61,32.51,6.4,0.75,NA,49,"HOME",1451865219.5,"Spencer Hawkins","RB","RB","32","5-8","203","Hamburg Sea Devils",9.04,66.48,33.2,66.0269720362862,35.6045330381735,3.07200981295096,65.4439440725723,38.6990660763471,4.09601308393461,92.079176
"2530702","3","685","3502","2016-01-03T23:53:39.600",TRUE,66.48,33.2,6.39,0.7,NA,50,"HOME",1451865219.6,"Spencer Hawkins","RB","RB","32","5-8","203","Hamburg Sea Devils",9.04,66.35,33.86,65.8978830174794,36.1553631420274,2.93905002498918,65.3157660349588,39.1107262840548,3.91873336665224,92.079176
"2530702","3","685","3502","2016-01-03T23:53:39.700",TRUE,66.35,33.86,6.36,0.67,NA,51,"HOME",1451865219.7,"Spencer Hawkins","RB","RB","32","5-8","203","Hamburg Sea Devils",9.04,66.23,34.51,65.8151839640548,36.7569201947032,2.87593679397992,65.2803679281097,39.6538403894064,3.83458239197322,92.079176
"2530702","3","685","3502","2016-01-03T23:53:39.800",TRUE,66.23,34.51,6.27,0.67,NA,52,"HOME",1451865219.8,"Spencer Hawkins","RB","RB","32","5-8","203","Hamburg Sea Devils",9.04,66.11,35.16,65.7027521155068,37.3659260410046,2.83991634959427,65.1755042310137,40.2218520820091,3.78655513279236,92.079176
"2530702","3","685","3502","2016-01-03T23:53:39.900",TRUE,66.11,35.16,6.19,0.65,NA,53,"HOME",1451865219.9,"Spencer Hawkins","RB","RB","32","5-8","203","Hamburg Sea Devils",9.04,66,35.8,65.6328560811385,37.9361100733759,2.75862160384948,65.155712162277,40.7122201467519,3.67816213846597,92.079176
"2530702","3","685","3502","2016-01-03T23:53:40.000",TRUE,66,35.8,6.08,0.65,NA,54,"HOME",1451865220,"Spencer Hawkins","RB","RB","32","5-8","203","Hamburg Sea Devils",9.04,65.85,36.44,65.3609116551598,38.5267769379848,2.74864861701637,64.7218233103196,41.2535538759696,3.66486482268849,92.079176
"2530702","3","685","3502","2016-01-03T23:53:40.100",TRUE,65.85,36.44,5.88,0.66,NA,55,"HOME",1451865220.1,"Spencer Hawkins","RB","RB","32","5-8","203","Hamburg Sea Devils",9.04,65.68,37.03,65.1495255378265,38.8710584275434,2.49306896819245,64.4490510756531,41.3021168550868,3.32409195758993,92.079176
"2530702","3","685","3502","2016-01-03T23:53:40.200",TRUE,65.68,37.03,5.72,0.61,NA,56,"HOME",1451865220.2,"Spencer Hawkins","RB","RB","32","5-8","203","Hamburg Sea Devils",9.04,65.53,37.54,65.0787524124201,39.0742417977717,2.10698658491329,64.4775048248401,41.1184835955434,2.80931544655106,92.079176
"2530702","3","685","3502","2016-01-03T23:53:40.300",TRUE,65.53,37.54,5.53,0.53,NA,57,"HOME",1451865220.3,"Spencer Hawkins","RB","RB","32","5-8","203","Hamburg Sea Devils",9.04,65.36,38.05,64.8712204462892,39.5163386611324,2.06886440234454,64.2124408925784,41.4926773222648,2.75848586979272,92.079176
"2530702","3","685","3502","2016-01-03T23:53:40.400",TRUE,65.36,38.05,5.32,0.54,NA,58,"HOME",1451865220.4,"Spencer Hawkins","RB","RB","32","5-8","203","Hamburg Sea Devils",9.04,65.12,38.59,64.4652763172238,40.0631282862466,2.19901571500618,63.5705526344475,42.0762565724932,2.93202095334158,92.079176
"2530702","3","685","3502","2016-01-03T23:53:40.500",TRUE,65.12,38.59,5.15,0.59,NA,59,"HOME",1451865220.5,"Spencer Hawkins","RB","RB","32","5-8","203","Hamburg Sea Devils",9.04,64.81,39.05,64.0012450191476,40.2500880361035,2.00711620083317,62.8824900382953,41.910176072207,2.67615493444423,92.079176
"2530702","3","685","3502","2016-01-03T23:53:40.600",TRUE,64.81,39.05,5.03,0.56,NA,60,"HOME",1451865220.6,"Spencer Hawkins","RB","RB","32","5-8","203","Hamburg Sea Devils",9.04,64.44,39.41,63.5058253085723,40.3189267267945,1.8304062861059,62.2016506171446,41.587853453589,2.44054171480786,92.079176
"2530702","3","685","3502","2016-01-03T23:53:40.700",TRUE,64.44,39.41,4.96,0.52,NA,61,"HOME",1451865220.7,"Spencer Hawkins","RB","RB","32","5-8","203","Hamburg Sea Devils",9.04,64,39.7,62.9106728028737,40.4179656526515,1.8461372224612,61.3813456057473,41.4259313053029,2.46151629661493,92.079176
"2530702","3","685","3502","2016-01-03T23:53:40.800",TRUE,64,39.7,4.96,0.52,NA,62,"HOME",1451865220.8,"Spencer Hawkins","RB","RB","32","5-8","203","Hamburg Sea Devils",9.04,63.54,39.92,62.401157930277,40.4646635985632,1.78633419944166,60.802315860554,41.2293271971263,2.38177893258888,92.079176
"2530702","3","685","3502","2016-01-03T23:53:40.900",TRUE,63.54,39.92,5.05,0.52,NA,63,"HOME",1451865220.9,"Spencer Hawkins","RB","RB","32","5-8","203","Hamburg Sea Devils",9.04,63.08,40.16,61.9121466830441,40.7693147740639,1.84593837774242,60.2842933660883,41.6186295481278,2.46125117032323,92.079176
"2530702","3","685","3502","2016-01-03T23:53:41.000",TRUE,63.08,40.16,5.2,0.52,NA,64,"HOME",1451865221,"Spencer Hawkins","RB","RB","32","5-8","203","Hamburg Sea Devils",9.04,62.55,40.37,61.1487198701979,40.9252242023744,2.08002776124054,59.2174397403957,41.6904484047489,2.77337034832071,92.079176
"2530702","3","685","3502","2016-01-03T23:53:41.100",TRUE,62.55,40.37,5.39,0.57,NA,65,"HOME",1451865221.1,"Spencer Hawkins","RB","RB","32","5-8","203","Hamburg Sea Devils",9.04,62,40.51,60.4726125018874,40.8987895449741,2.13601952313778,58.3952250037748,41.4275790899483,2.84802603085038,92.079176
"2530702","3","685","3502","2016-01-03T23:53:41.200",TRUE,62,40.51,5.62,0.57,NA,66,"HOME",1451865221.2,"Spencer Hawkins","RB","RB","32","5-8","203","Hamburg Sea Devils",9.04,61.43,40.56,59.7552021887489,40.7069120887063,2.23320753063092,57.5104043774977,40.9038241774125,2.97761004084122,92.079176
"2530702","3","685","3502","2016-01-03T23:53:41.300",TRUE,61.43,40.56,5.86,0.57,NA,67,"HOME",1451865221.3,"Spencer Hawkins","RB","RB","32","5-8","203","Hamburg Sea Devils",9.04,60.83,40.53,58.9661462494977,40.4368073124749,2.43197908566833,56.5022924989954,40.3136146249498,3.24263878089111,92.079176
"2530702","3","685","3502","2016-01-03T23:53:41.400",TRUE,60.83,40.53,6.07,0.6,NA,68,"HOME",1451865221.4,"Spencer Hawkins","RB","RB","32","5-8","203","Hamburg Sea Devils",9.04,60.17,40.46,58.0226362641461,40.2322493007428,2.77121808209121,55.2152725282923,39.9344986014855,3.69495744278827,92.079176
"2530702","3","685","3502","2016-01-03T23:53:41.500",TRUE,60.17,40.46,6.25,0.66,NA,69,"HOME",1451865221.5,"Spencer Hawkins","RB","RB","32","5-8","203","Hamburg Sea Devils",9.04,59.49,40.35,57.1917922526636,39.9782310996956,2.95125550457765,54.2135845053272,39.4964621993912,3.93500733943686,92.079176
"2530702","3","685","3502","2016-01-03T23:53:41.600",TRUE,59.49,40.35,6.41,0.69,NA,70,"HOME",1451865221.6,"Spencer Hawkins","RB","RB","32","5-8","203","Hamburg Sea Devils",9.04,58.78,40.25,56.3007949931994,39.9008161962253,3.14140233143437,53.1115899863988,39.4516323924505,4.1885364419125,92.079176
"2530702","3","685","3502","2016-01-03T23:53:41.700",TRUE,58.78,40.25,6.51,0.71,NA,71,"HOME",1451865221.7,"Spencer Hawkins","RB","RB","32","5-8","203","Hamburg Sea Devils",9.04,58.06,40.2,55.4954222698082,40.0219043242923,3.20581087900327,52.2108445396164,39.7938086485845,4.27441450533769,92.079176
"2530702","3","685","3502","2016-01-03T23:53:41.800",TRUE,58.06,40.2,6.6,0.73,NA,72,"HOME",1451865221.8,"Spencer Hawkins","RB","RB","32","5-8","203","Hamburg Sea Devils",9.04,57.29,40.19,54.4987642889498,40.1537501855708,3.46245278459489,50.9375285778995,40.1075003711415,4.61660371279318,92.079176
"2530702","3","685","3502","2016-01-03T23:53:41.900",TRUE,57.29,40.19,6.67,0.77,NA,73,"HOME",1451865221.9,"Spencer Hawkins","RB","RB","32","5-8","203","Hamburg Sea Devils",9.04,56.54,40.23,53.7844742926941,40.3769613710563,3.40886126475211,50.2789485853881,40.5639227421126,4.54514835300281,92.079176
"2530702","3","685","3502","2016-01-03T23:53:42.000",TRUE,56.54,40.23,6.72,0.75,NA,74,"HOME",1451865222,"Spencer Hawkins","RB","RB","32","5-8","203","Hamburg Sea Devils",9.04,55.79,40.3,53.0081959890411,40.5596350410228,3.44162269589879,49.4763919780822,40.8892700820457,4.58883026119839,92.079176
"2530702","3","685","3502","2016-01-03T23:53:42.100",TRUE,55.79,40.3,6.78,0.75,NA,75,"HOME",1451865222.1,"Spencer Hawkins","RB","RB","32","5-8","203","Hamburg Sea Devils",9.04,55.08,40.45,52.4167067166758,41.0126675950685,3.3419399911688,49.0434134333516,41.725335190137,4.45591998822507,92.079176
"2530702","3","685","3502","2016-01-03T23:53:42.200",TRUE,55.08,40.45,6.85,0.72,NA,76,"HOME",1451865222.2,"Spencer Hawkins","RB","RB","32","5-8","203","Hamburg Sea Devils",9.04,54.39,40.66,51.7678826075799,41.4580357281278,3.3521401144265,48.4557652151598,42.4660714562556,4.46952015256866,92.079176
"2530702","3","685","3502","2016-01-03T23:53:42.300",TRUE,54.39,40.66,6.92,0.72,NA,77,"HOME",1451865222.3,"Spencer Hawkins","RB","RB","32","5-8","203","Hamburg Sea Devils",9.04,53.7,40.9,51.0440361524749,41.8238135121827,3.4263225091998,47.6980723049498,42.9876270243653,4.5684300122664,92.079176
"2530702","3","685","3502","2016-01-03T23:53:42.400",TRUE,53.7,40.9,6.97,0.72,NA,78,"HOME",1451865222.4,"Spencer Hawkins","RB","RB","32","5-8","203","Hamburg Sea Devils",9.04,53.03,41.17,50.4275453272268,42.2187503905206,3.40977795801484,47.1550906544536,43.5375007810411,4.54637061068646,92.079176
"2530702","3","685","3502","2016-01-03T23:53:42.500",TRUE,53.03,41.17,7.02,0.72,NA,79,"HOME",1451865222.5,"Spencer Hawkins","RB","RB","32","5-8","203","Hamburg Sea Devils",9.04,52.42,41.48,50.0292279492603,42.694982517589,3.25062090814974,47.0284558985206,44.219965035178,4.33416121086633,92.079176
"2530702","3","685","3502","2016-01-03T23:53:42.600",TRUE,52.42,41.48,7.09,0.69,NA,80,"HOME",1451865222.6,"Spencer Hawkins","RB","RB","32","5-8","203","Hamburg Sea Devils",9.04,51.82,41.81,49.4389892336073,43.119555921516,3.28207374315098,46.4579784672146,44.759111843032,4.37609832420131,92.079176
"2530702","3","685","3502","2016-01-03T23:53:42.700",TRUE,51.82,41.81,7.15,0.68,NA,81,"HOME",1451865222.7,"Spencer Hawkins","RB","RB","32","5-8","203","Hamburg Sea Devils",9.04,51.24,42.18,48.9139699933638,43.6638467283714,3.32243068356859,46.0079399867276,45.5176934567427,4.42990757809145,92.079176
"2530702","3","685","3502","2016-01-03T23:53:42.800",TRUE,51.24,42.18,7.15,0.68,NA,82,"HOME",1451865222.8,"Spencer Hawkins","RB","RB","32","5-8","203","Hamburg Sea Devils",9.04,50.67,42.61,48.3840739589954,44.3344705221613,3.44816145075195,45.5281479179909,46.4889410443227,4.5975486010026,92.079176
"2530702","3","685","3502","2016-01-03T23:53:42.900",TRUE,50.67,42.61,7.2,0.72,NA,83,"HOME",1451865222.9,"Spencer Hawkins","RB","RB","32","5-8","203","Hamburg Sea Devils",9.04,50.08,43.13,47.6931937621918,45.2336258367123,3.82183224085027,44.7163875243835,47.8572516734247,5.0957763211337,92.079176
"2530702","3","685","3502","2016-01-03T23:53:43.000",TRUE,50.08,43.13,7.26,0.78,NA,84,"HOME",1451865223,"Spencer Hawkins","RB","RB","32","5-8","203","Hamburg Sea Devils",9.04,49.5,43.67,47.1292618394155,45.8772389770959,3.87986189646751,44.1785236788311,48.6244779541918,5.17314919529001,92.079176
"2530702","3","685","3502","2016-01-03T23:53:43.100",TRUE,49.5,43.67,7.32,0.8,NA,85,"HOME",1451865223.1,"Spencer Hawkins","RB","RB","32","5-8","203","Hamburg Sea Devils",9.04,48.93,44.2,46.5761708223562,46.3886481827215,3.83894458403259,43.6523416447123,49.1072963654429,5.11859277871012,92.079176
"2530702","3","685","3502","2016-01-03T23:53:43.200",TRUE,48.93,44.2,7.41,0.78,NA,86,"HOME",1451865223.2,"Spencer Hawkins","RB","RB","32","5-8","203","Hamburg Sea Devils",9.04,48.39,44.75,46.1259998870137,47.0559260410046,3.84369621488146,43.3219997740274,49.9118520820091,5.12492828650861,92.079176
"2530702","3","685","3502","2016-01-03T23:53:43.300",TRUE,48.39,44.75,7.47,0.77,NA,87,"HOME",1451865223.3,"Spencer Hawkins","RB","RB","32","5-8","203","Hamburg Sea Devils",9.04,47.88,45.34,45.7203345752877,47.838436471726,3.91737352855151,43.0506691505754,50.9268729434521,5.22316470473534,92.079176
"2530702","3","685","3502","2016-01-03T23:53:43.400",TRUE,47.88,45.34,7.58,0.78,NA,88,"HOME",1451865223.4,"Spencer Hawkins","RB","RB","32","5-8","203","Hamburg Sea Devils",9.04,47.38,45.95,45.22413944414,48.5801498781492,4.0144188471493,42.5682788882801,51.8202997562983,5.35255846286574,92.079176
"2530702","3","685","3502","2016-01-03T23:53:43.500",TRUE,47.38,45.95,7.65,0.79,NA,89,"HOME",1451865223.5,"Spencer Hawkins","RB","RB","32","5-8","203","Hamburg Sea Devils",9.04,46.87,46.54,44.6460052879452,49.1128566276712,4.00237202581378,41.9120105758904,52.2757132553424,5.33649603441838,92.079176
"2530702","3","685","3502","2016-01-03T23:53:43.600",TRUE,46.87,46.54,7.72,0.78,NA,90,"HOME",1451865223.6,"Spencer Hawkins","RB","RB","32","5-8","203","Hamburg Sea Devils",9.04,46.41,47.03,44.3814796818021,49.1908151215586,3.47769373102773,41.8929593636042,51.8416302431172,4.63692497470364,92.079176
"2530702","3","685","3502","2016-01-03T23:53:43.700",TRUE,46.41,47.03,7.78,0.67,NA,91,"HOME",1451865223.7,"Spencer Hawkins","RB","RB","32","5-8","203","Hamburg Sea Devils",9.04,45.92,47.53,43.7385826883775,49.7559360322679,3.64793571388892,41.067165376755,52.4818720645358,4.86391428518523,92.079176
"2530702","3","685","3502","2016-01-03T23:53:43.800",TRUE,45.92,47.53,7.77,0.71,NA,92,"HOME",1451865223.8,"Spencer Hawkins","RB","RB","32","5-8","203","Hamburg Sea Devils",9.04,45.34,48.08,42.7619785802009,50.5246754842922,4.1602202171872,39.6039571604018,53.5193509685844,5.54696028958294,92.079176
"2530702","3","685","3502","2016-01-03T23:53:43.900",TRUE,45.34,48.08,7.79,0.79,NA,93,"HOME",1451865223.9,"Spencer Hawkins","RB","RB","32","5-8","203","Hamburg Sea Devils",9.04,44.74,48.61,42.0646722326941,50.9732061944536,4.17642150549079,38.7893444653881,53.8664123889072,5.56856200732105,92.079176
"2530702","3","685","3502","2016-01-03T23:53:44.000",TRUE,44.74,48.61,7.8,0.8,NA,94,"HOME",1451865224,"Spencer Hawkins","RB","RB","32","5-8","203","Hamburg Sea Devils",9.04,44.06,49.09,41.0231967313242,51.2336258367123,4.34727290703553,37.3063934626484,53.8572516734247,5.79636387604738,92.079176
"2530702","3","685","3502","2016-01-03T23:53:44.100",TRUE,44.06,49.09,7.7,0.83,NA,95,"HOME",1451865224.1,"Spencer Hawkins","RB","RB","32","5-8","203","Hamburg Sea Devils",9.04,43.37,49.58,40.3368899384475,51.7339477248706,4.36883715368713,36.6137798768949,54.3778954497412,5.82511620491617,92.079176
"2530702","3","685","3502","2016-01-03T23:53:44.200",TRUE,43.37,49.58,7.5,0.85,NA,96,"HOME",1451865224.2,"Spencer Hawkins","RB","RB","32","5-8","203","Hamburg Sea Devils",9.04,42.63,50.07,39.4808110593608,52.1552737579909,4.47424650292335,35.5916221187215,54.7305475159818,5.9656620038978,92.079176
"2530702","3","685","3502","2016-01-03T23:53:44.300",TRUE,42.63,50.07,7.27,0.89,NA,97,"HOME",1451865224.3,"Spencer Hawkins","RB","RB","32","5-8","203","Hamburg Sea Devils",9.04,41.9,50.54,38.9110243915555,52.464408953382,4.25599677504825,35.1920487831111,54.8588179067641,5.674662366731,92.079176
"2530702","3","685","3502","2016-01-03T23:53:44.400",TRUE,41.9,50.54,7.02,0.86,NA,98,"HOME",1451865224.4,"Spencer Hawkins","RB","RB","32","5-8","203","Hamburg Sea Devils",9.04,41.24,50.95,38.6532630270685,52.5569123619726,3.69114586411747,35.406526054137,54.5738247239452,4.92152781882329,92.079176
"2530702","3","685","3502","2016-01-03T23:53:44.500",TRUE,41.24,50.95,6.76,0.78,NA,99,"HOME",1451865224.5,"Spencer Hawkins","RB","RB","32","5-8","203","Hamburg Sea Devils",9.04,40.62,51.37,38.3029966327915,52.9395829261735,3.43968524742983,35.3659932655829,54.929165852347,4.5862469965731,92.079176
"2530702","3","685","3502","2016-01-03T23:53:44.600",TRUE,40.62,51.37,6.53,0.75,NA,100,"HOME",1451865224.6,"Spencer Hawkins","RB","RB","32","5-8","203","Hamburg Sea Devils",9.04,40.1,51.81,38.2405171230929,53.3834085881522,3.03390617757933,35.8610342461857,55.3968171763045,4.04520823677244,92.079176
"2530702","3","685","3502","2016-01-03T23:53:44.700",TRUE,40.1,51.81,6.32,0.68,NA,101,"HOME",1451865224.7,"Spencer Hawkins","RB","RB","32","5-8","203","Hamburg Sea Devils",9.04,39.56,52.3,37.7084641411507,53.9800973534003,3.15498546724479,35.3169282823014,56.1501947068006,4.20664728965972,92.079176
"2530702","3","685","3502","2016-01-03T23:53:44.800",TRUE,39.56,52.3,6.09,0.73,NA,102,"HOME",1451865224.8,"Spencer Hawkins","RB","RB","32","5-8","203","Hamburg Sea Devils",9.04,39,52.9,37.1701459525845,54.8605579079452,3.43681822147726,34.7802919051689,57.4211158158904,4.58242429530302,92.079176
"2530702","3","685","3502","2016-01-03T23:53:44.900",TRUE,39,52.9,5.75,0.81,NA,103,"HOME",1451865224.9,"Spencer Hawkins","RB","RB","32","5-8","203","Hamburg Sea Devils",9.04,38.6,53.43,37.388264042618,55.0355501435312,2.64381837683128,35.7765280852359,57.1711002870624,3.52509116910837,92.079176
"2530702","3","685","3502","2016-01-03T23:53:45.000",TRUE,38.6,53.43,5.45,0.66,NA,104,"HOME",1451865225,"Spencer Hawkins","RB","RB","32","5-8","203","Hamburg Sea Devils",9.04,38.32,53.92,37.5306482300152,55.3013655974734,2.14455240057253,36.4612964600304,57.1727311949467,2.85940320076337,92.079176
"2530702","3","685","3502","2016-01-03T23:53:45.100",TRUE,38.32,53.92,5.11,0.57,NA,105,"HOME",1451865225.1,"Spencer Hawkins","RB","RB","32","5-8","203","Hamburg Sea Devils",9.04,38.11,54.4,37.5680200626667,55.6388112853333,1.88305553857506,36.8160401253333,57.3576225706666,2.51074071810008,92.079176
"2530702","3","685","3502","2016-01-03T23:53:45.200",TRUE,38.11,54.4,4.83,0.53,NA,106,"HOME",1451865225.2,"Spencer Hawkins","RB","RB","32","5-8","203","Hamburg Sea Devils",9.04,37.92,54.9,37.4669173530046,56.0923227552511,1.83174716174536,36.8238347060091,57.7846455105023,2.44232954899381,92.079176
"2530702","3","685","3502","2016-01-03T23:53:45.300",TRUE,37.92,54.9,4.44,0.53,NA,107,"HOME",1451865225.3,"Spencer Hawkins","RB","RB","32","5-8","203","Hamburg Sea Devils",9.04,37.71,55.34,37.2666162579726,56.268994507105,1.55450200005376,36.6132325159452,57.6379890142101,2.07266933340501,92.079176
"2530702","3","685","3502","2016-01-03T23:53:45.400",TRUE,37.71,55.34,4.19,0.49,NA,108,"HOME",1451865225.4,"Spencer Hawkins","RB","RB","32","5-8","203","Hamburg Sea Devils",9.04,37.5,55.67,37.0934058830868,56.3089336122922,1.18794983379394,36.4768117661735,57.2778672245845,1.58393311172525,92.079176
"2530702","3","685","3502","2016-01-03T23:53:45.500",TRUE,37.5,55.67,3.86,0.39,"playStopped",109,"HOME",1451865225.5,"Spencer Hawkins","RB","RB","32","5-8","203","Hamburg Sea Devils",9.04,37.5,55.67,37.5,55.67,0,37.5,55.67,0,92.079176
"2550157","3","685","3502","2016-01-03T23:53:34.700",TRUE,47.51,29.26,1.52,0.17,NA,1,"AWAY",1451865214.7,"Colin Westbrooks","SS","DB","31","6-1","220","Frankfurt Galaxy",8.77,47.33,29.32,47.3022175824658,29.3292608058448,0.269494919606345,47.0944351649315,29.3985216116895,0.359326559475127,99.79024
"2550157","3","685","3502","2016-01-03T23:53:34.800",TRUE,47.33,29.32,1.55,0.19,NA,2,"AWAY",1451865214.8,"Colin Westbrooks","SS","DB","31","6-1","220","Frankfurt Galaxy",8.77,47.16,29.36,47.1298879129376,29.3670851969559,0.251228114278434,46.9297758258752,29.4141703939117,0.334970819037912,99.79024
"2550157","3","685","3502","2016-01-03T23:53:34.900",TRUE,47.16,29.36,1.57,0.17,NA,3,"AWAY",1451865214.9,"Colin Westbrooks","SS","DB","31","6-1","220","Frankfurt Galaxy",8.77,46.99,29.38,46.9573058214916,29.3838463739422,0.248309234378801,46.7546116429833,29.4076927478843,0.331078979171735,99.79024
"2550157","3","685","3502","2016-01-03T23:53:35.000",TRUE,46.99,29.38,1.58,0.18,NA,4,"AWAY",1451865215,"Colin Westbrooks","SS","DB","31","6-1","220","Frankfurt Galaxy",8.77,46.8,29.42,46.7620165140944,29.4279965233486,0.282838630011992,46.5340330281887,29.4759930466971,0.377118173349323,99.79024
"2550157","3","685","3502","2016-01-03T23:53:35.100",TRUE,46.8,29.42,1.58,0.19,NA,5,"AWAY",1451865215.1,"Colin Westbrooks","SS","DB","31","6-1","220","Frankfurt Galaxy",8.77,46.62,29.48,46.5840156449315,29.4919947850228,0.276388074466923,46.368031289863,29.5639895700457,0.368517432622563,99.79024
"2550157","3","685","3502","2016-01-03T23:53:35.200",TRUE,46.62,29.48,1.6,0.19,NA,6,"AWAY",1451865215.2,"Colin Westbrooks","SS","DB","31","6-1","220","Frankfurt Galaxy",8.77,46.46,29.54,46.4255837028919,29.5529061114155,0.250989182791354,46.2311674057839,29.625812222831,0.334652243721806,99.79024
"2550157","3","685","3502","2016-01-03T23:53:35.300",TRUE,46.46,29.54,1.62,0.17,NA,7,"AWAY",1451865215.3,"Colin Westbrooks","SS","DB","31","6-1","220","Frankfurt Galaxy",8.77,46.29,29.58,46.2508505928767,29.5892116252055,0.258630359943395,46.0417011857534,29.638423250411,0.344840479924526,99.79024
"2550157","3","685","3502","2016-01-03T23:53:35.400",TRUE,46.29,29.58,1.63,0.17,NA,8,"AWAY",1451865215.4,"Colin Westbrooks","SS","DB","31","6-1","220","Frankfurt Galaxy",8.77,46.12,29.57,46.0795595471537,29.5676211498326,0.253221551811453,45.8691190943075,29.5552422996651,0.337628735748604,99.79024
"2550157","3","685","3502","2016-01-03T23:53:35.500",TRUE,46.12,29.57,1.63,0.17,NA,9,"AWAY",1451865215.5,"Colin Westbrooks","SS","DB","31","6-1","220","Frankfurt Galaxy",8.77,45.96,29.54,45.9219383973212,29.5328634494977,0.242060877851264,45.7238767946423,29.4957268989954,0.322747837135019,99.79024
"2550157","3","685","3502","2016-01-03T23:53:35.600",TRUE,45.96,29.54,1.6,0.16,NA,10,"AWAY",1451865215.6,"Colin Westbrooks","SS","DB","31","6-1","220","Frankfurt Galaxy",8.77,45.8,29.52,45.7655837028919,29.5156979628615,0.236837382568774,45.5711674057839,29.491395925723,0.315783176758365,99.79024
"2550157","3","685","3502","2016-01-03T23:53:35.700",TRUE,45.8,29.52,1.56,0.16,NA,11,"AWAY",1451865215.7,"Colin Westbrooks","SS","DB","31","6-1","220","Frankfurt Galaxy",8.77,45.63,29.54,45.5985968672146,29.54369448621,0.247272782018701,45.3971937344292,29.5673889724201,0.329697042691602,99.79024
"2550157","3","685","3502","2016-01-03T23:53:35.800",TRUE,45.63,29.54,1.51,0.17,NA,12,"AWAY",1451865215.8,"Colin Westbrooks","SS","DB","31","6-1","220","Frankfurt Galaxy",8.77,45.48,29.58,45.457987143379,29.5858700950989,0.21955963229458,45.285974286758,29.6317401901979,0.292746176392774,99.79024
"2550157","3","685","3502","2016-01-03T23:53:35.900",TRUE,45.48,29.58,1.47,0.16,NA,13,"AWAY",1451865215.9,"Colin Westbrooks","SS","DB","31","6-1","220","Frankfurt Galaxy",8.77,45.34,29.59,45.323707523653,29.5911637483105,0.195108126329858,45.1674150473059,29.602327496621,0.26014416843981,99.79024
"2550157","3","685","3502","2016-01-03T23:53:36.000",TRUE,45.34,29.59,1.45,0.14,NA,14,"AWAY",1451865216,"Colin Westbrooks","SS","DB","31","6-1","220","Frankfurt Galaxy",8.77,45.2,29.6,45.1858339519026,29.6010118605784,0.193408401403449,45.0316679038052,29.6120237211568,0.257877868537932,99.79024
"2550157","3","685","3502","2016-01-03T23:53:36.100",TRUE,45.2,29.6,1.43,0.14,NA,15,"AWAY",1451865216.1,"Colin Westbrooks","SS","DB","31","6-1","220","Frankfurt Galaxy",8.77,45.06,29.63,45.0479603801522,29.6325799185388,0.195562502640651,44.8959207603044,29.6651598370776,0.260750003520869,99.79024
"2550157","3","685","3502","2016-01-03T23:53:36.200",TRUE,45.06,29.63,1.43,0.15,NA,16,"AWAY",1451865216.2,"Colin Westbrooks","SS","DB","31","6-1","220","Frankfurt Galaxy",8.77,44.91,29.67,44.8971004073059,29.6734398913851,0.212039698052819,44.7342008146119,29.7168797827702,0.282719597403758,99.79024
"2550157","3","685","3502","2016-01-03T23:53:36.300",TRUE,44.91,29.67,1.41,0.15,NA,17,"AWAY",1451865216.3,"Colin Westbrooks","SS","DB","31","6-1","220","Frankfurt Galaxy",8.77,44.78,29.69,44.770794893516,29.6914161702283,0.178059028722614,44.631589787032,29.7128323404566,0.237412038296819,99.79024
"2550157","3","685","3502","2016-01-03T23:53:36.400",TRUE,44.78,29.69,1.39,0.13,NA,18,"AWAY",1451865216.4,"Colin Westbrooks","SS","DB","31","6-1","220","Frankfurt Galaxy",8.77,44.66,29.72,44.6533256314155,29.7216685921461,0.165952653930353,44.526651262831,29.7533371842922,0.221270205240471,99.79024
"2550157","3","685","3502","2016-01-03T23:53:36.500",TRUE,44.66,29.72,1.37,0.13,NA,19,"AWAY",1451865216.5,"Colin Westbrooks","SS","DB","31","6-1","220","Frankfurt Galaxy",8.77,44.56,29.75,44.5559569035008,29.7512129289498,0.138807805766259,44.4519138070015,29.7824258578995,0.185077074355012,99.79024
"2550157","3","685","3502","2016-01-03T23:53:36.600",TRUE,44.56,29.75,1.35,0.1,NA,20,"AWAY",1451865216.6,"Colin Westbrooks","SS","DB","31","6-1","220","Frankfurt Galaxy",8.77,44.48,29.76,44.4779806246575,29.7602524219178,0.106214409637065,44.3959612493151,29.7705048438356,0.14161921284942,99.79024
"2550157","3","685","3502","2016-01-03T23:53:36.700",TRUE,44.48,29.76,1.33,0.08,NA,21,"AWAY",1451865216.7,"Colin Westbrooks","SS","DB","31","6-1","220","Frankfurt Galaxy",8.77,44.36,29.76,44.3587935897717,29.76,0.156638108665,44.2375871795434,29.76,0.208850811553334,99.79024
"2550157","3","685","3502","2016-01-03T23:53:36.800",TRUE,44.36,29.76,1.3,0.11,NA,22,"AWAY",1451865216.8,"Colin Westbrooks","SS","DB","31","6-1","220","Frankfurt Galaxy",8.77,44.21,29.78,44.2119094611872,29.779745405175,0.194781519966627,44.0638189223744,29.7994908103501,0.259708693288836,99.79024
"2550157","3","685","3502","2016-01-03T23:53:36.900",TRUE,44.21,29.78,1.28,0.15,NA,23,"AWAY",1451865216.9,"Colin Westbrooks","SS","DB","31","6-1","220","Frankfurt Galaxy",8.77,44.05,29.78,44.0544669623135,29.78,0.204006796081413,43.8989339246271,29.78,0.272009061441884,99.79024
"2550157","3","685","3502","2016-01-03T23:53:37.000",TRUE,44.05,29.78,1.26,0.16,NA,24,"AWAY",1451865217,"Colin Westbrooks","SS","DB","31","6-1","220","Frankfurt Galaxy",8.77,43.9,29.77,43.9064660931507,29.7704310728767,0.189860376287106,43.7629321863014,29.7608621457534,0.253147168382808,99.79024
"2550157","3","685","3502","2016-01-03T23:53:37.100",TRUE,43.9,29.77,1.27,0.16,NA,25,"AWAY",1451865217.1,"Colin Westbrooks","SS","DB","31","6-1","220","Frankfurt Galaxy",8.77,43.75,29.74,43.7553269351598,29.741065387032,0.194117754045288,43.6106538703196,29.7121307740639,0.258823672060384,99.79024
"2550157","3","685","3502","2016-01-03T23:53:37.200",TRUE,43.75,29.74,1.31,0.15,NA,26,"AWAY",1451865217.2,"Colin Westbrooks","SS","DB","31","6-1","220","Frankfurt Galaxy",8.77,43.62,29.68,43.6206675961035,29.6803081212785,0.185159140627428,43.491335192207,29.6206162425571,0.246878854169904,99.79024
"2550157","3","685","3502","2016-01-03T23:53:37.300",TRUE,43.62,29.68,1.37,0.15,NA,27,"AWAY",1451865217.3,"Colin Westbrooks","SS","DB","31","6-1","220","Frankfurt Galaxy",8.77,43.49,29.62,43.484743974551,29.6175741421005,0.190360821634032,43.349487949102,29.5551482842009,0.253814428845377,99.79024
"2550157","3","685","3502","2016-01-03T23:53:37.400",TRUE,43.49,29.62,1.46,0.14,NA,28,"AWAY",1451865217.4,"Colin Westbrooks","SS","DB","31","6-1","220","Frankfurt Galaxy",8.77,43.37,29.56,43.3569463466667,29.5534731733333,0.185687488603295,43.2238926933333,29.4869463466667,0.247583318137726,99.79024
"2550157","3","685","3502","2016-01-03T23:53:37.500",TRUE,43.37,29.56,1.57,0.13,NA,29,"AWAY",1451865217.5,"Colin Westbrooks","SS","DB","31","6-1","220","Frankfurt Galaxy",8.77,43.25,29.54,43.226921756347,29.5361536260578,0.176477733852678,43.0838435126941,29.5123072521157,0.235303645136904,99.79024
"2550157","3","685","3502","2016-01-03T23:53:37.600",TRUE,43.25,29.54,1.71,0.13,"snap",30,"AWAY",1451865217.6,"Colin Westbrooks","SS","DB","31","6-1","220","Frankfurt Galaxy",8.77,43.14,29.54,43.1071495879452,29.54,0.168894913783754,42.9642991758904,29.54,0.225193218378338,99.79024
"2550157","3","685","3502","2016-01-03T23:53:37.700",TRUE,43.14,29.54,1.84,0.1,NA,31,"AWAY",1451865217.7,"Colin Westbrooks","SS","DB","31","6-1","220","Frankfurt Galaxy",8.77,43.04,29.53,43.0002632864536,29.5260263286454,0.162217410004875,42.8605265729071,29.5120526572907,0.2162898800065,99.79024
"2550157","3","685","3502","2016-01-03T23:53:37.800",TRUE,43.04,29.53,1.96,0.1,NA,32,"AWAY",1451865217.8,"Colin Westbrooks","SS","DB","31","6-1","220","Frankfurt Galaxy",8.77,42.94,29.48,42.8911500225266,29.4555750112633,0.188588160958876,42.7423000450533,29.3811500225266,0.251450881278502,99.79024
"2550157","3","685","3502","2016-01-03T23:53:37.900",TRUE,42.94,29.48,2.08,0.12,NA,33,"AWAY",1451865217.9,"Colin Westbrooks","SS","DB","31","6-1","220","Frankfurt Galaxy",8.77,42.8,29.39,42.7188514620396,29.3378330827397,0.292829845732782,42.4977029240791,29.1956661654795,0.390439794310376,99.79024
"2550157","3","685","3502","2016-01-03T23:53:38.000",TRUE,42.8,29.39,2.2,0.17,NA,34,"AWAY",1451865218,"Colin Westbrooks","SS","DB","31","6-1","220","Frankfurt Galaxy",8.77,42.59,29.29,42.4491393388128,29.2229234946728,0.42613657977327,42.0982786776256,29.0558469893455,0.56818210636436,99.79024
"2550157","3","685","3502","2016-01-03T23:53:38.100",TRUE,42.59,29.29,2.33,0.23,NA,35,"AWAY",1451865218.1,"Colin Westbrooks","SS","DB","31","6-1","220","Frankfurt Galaxy",8.77,42.36,29.17,42.183016821796,29.0776609505023,0.495709449949135,41.7760336435921,28.8653219010046,0.660945933265513,99.79024
"2550157","3","685","3502","2016-01-03T23:53:38.200",TRUE,42.36,29.17,2.47,0.26,NA,36,"AWAY",1451865218.2,"Colin Westbrooks","SS","DB","31","6-1","220","Frankfurt Galaxy",8.77,42.13,29.04,41.9285628969254,28.9261442460883,0.527228625305451,41.4971257938508,28.6822884921766,0.702971500407268,99.79024
"2550157","3","685","3502","2016-01-03T23:53:38.300",TRUE,42.13,29.04,2.62,0.27,NA,37,"AWAY",1451865218.3,"Colin Westbrooks","SS","DB","31","6-1","220","Frankfurt Galaxy",8.77,41.86,28.93,41.5927730915068,28.8211297780213,0.608289294434519,41.0555461830137,28.6022595560426,0.811052392579358,99.79024
"2550157","3","685","3502","2016-01-03T23:53:38.400",TRUE,41.86,28.93,2.78,0.3,NA,38,"AWAY",1451865218.4,"Colin Westbrooks","SS","DB","31","6-1","220","Frankfurt Galaxy",8.77,41.55,28.81,41.2055157623135,28.676651262831,0.725761011947829,40.5510315246271,28.4233025256621,0.967681349263772,99.79024
"2550157","3","685","3502","2016-01-03T23:53:38.500",TRUE,41.55,28.81,2.89,0.33,NA,39,"AWAY",1451865218.5,"Colin Westbrooks","SS","DB","31","6-1","220","Frankfurt Galaxy",8.77,41.23,28.67,40.8476711266971,28.50273111793,0.785856491158228,40.1453422533942,28.19546223586,1.04780865487764,99.79024
"2550157","3","685","3502","2016-01-03T23:53:38.600",TRUE,41.23,28.67,2.96,0.35,NA,40,"AWAY",1451865218.6,"Colin Westbrooks","SS","DB","31","6-1","220","Frankfurt Galaxy",8.77,40.9,28.55,40.488180316347,28.4002473877626,0.804915495487035,39.7463606326941,28.1304947755251,1.07322066064938,99.79024
"2550157","3","685","3502","2016-01-03T23:53:38.700",TRUE,40.9,28.55,2.99,0.35,NA,41,"AWAY",1451865218.7,"Colin Westbrooks","SS","DB","31","6-1","220","Frankfurt Galaxy",8.77,40.56,28.44,40.127954657656,28.3002206245358,0.825642747187233,39.355909315312,28.0504412490715,1.10085699624964,99.79024
"2550157","3","685","3502","2016-01-03T23:53:38.800",TRUE,40.56,28.44,2.98,0.35,NA,42,"AWAY",1451865218.8,"Colin Westbrooks","SS","DB","31","6-1","220","Frankfurt Galaxy",8.77,40.19,28.36,39.7226429328463,28.2589498233181,0.872328704214202,38.8852858656925,28.0778996466362,1.16310493895227,99.79024
"2550157","3","685","3502","2016-01-03T23:53:38.900",TRUE,40.19,28.36,2.91,0.38,NA,43,"AWAY",1451865218.9,"Colin Westbrooks","SS","DB","31","6-1","220","Frankfurt Galaxy",8.77,39.82,28.26,39.3723123941553,28.1390033497717,0.866972933066116,38.5546247883105,27.9180066995434,1.15596391075482,99.79024
"2550157","3","685","3502","2016-01-03T23:53:39.000",TRUE,39.82,28.26,2.79,0.38,NA,44,"AWAY",1451865219,"Colin Westbrooks","SS","DB","31","6-1","220","Frankfurt Galaxy",8.77,39.45,28.13,39.0360314706849,27.9845515978082,0.858605056445422,38.2520629413699,27.7091031956164,1.14480674192723,99.79024
"2550157","3","685","3502","2016-01-03T23:53:39.100",TRUE,39.45,28.13,2.66,0.4,NA,45,"AWAY",1451865219.1,"Colin Westbrooks","SS","DB","31","6-1","220","Frankfurt Galaxy",8.77,39.06,28.02,38.662158333516,27.9077882479148,0.855263113345527,37.874316667032,27.6855764958295,1.14035081779404,99.79024
"2550157","3","685","3502","2016-01-03T23:53:39.200",TRUE,39.06,28.02,2.49,0.4,NA,46,"AWAY",1451865219.2,"Colin Westbrooks","SS","DB","31","6-1","220","Frankfurt Galaxy",8.77,38.62,28.03,38.2279590034703,28.0389100226484,0.883616037133532,37.3959180069406,28.0578200452968,1.17815471617804,99.79024
"2550157","3","685","3502","2016-01-03T23:53:39.300",TRUE,38.62,28.03,2.32,0.44,"passForward",47,"AWAY",1451865219.3,"Colin Westbrooks","SS","DB","31","6-1","220","Frankfurt Galaxy",8.77,38.25,28.1,37.9680978537595,28.1533328384779,0.717264605990693,37.316195707519,28.2766656769559,0.956352807987591,99.79024
"2550157","3","685","3502","2016-01-03T23:53:39.400",TRUE,38.25,28.1,2.18,0.37,NA,48,"AWAY",1451865219.4,"Colin Westbrooks","SS","DB","31","6-1","220","Frankfurt Galaxy",8.77,37.97,28.22,37.786438641583,28.2986691536073,0.554426520152373,37.3228772831659,28.4973383072146,0.739235360203164,99.79024
"2550157","3","685","3502","2016-01-03T23:53:39.500",TRUE,37.97,28.22,2.03,0.3,NA,49,"AWAY",1451865219.5,"Colin Westbrooks","SS","DB","31","6-1","220","Frankfurt Galaxy",8.77,37.79,28.36,37.6925011134247,28.4358324673364,0.394311183054565,37.4150022268493,28.6516649346728,0.525748244072754,99.79024
"2550157","3","685","3502","2016-01-03T23:53:39.600",TRUE,37.79,28.36,1.92,0.23,NA,50,"AWAY",1451865219.6,"Colin Westbrooks","SS","DB","31","6-1","220","Frankfurt Galaxy",8.77,37.67,28.48,37.6150253326027,28.5349746673973,0.282146418192742,37.4400506652055,28.7099493347945,0.376195224256989,99.79024
"2550157","3","685","3502","2016-01-03T23:53:39.700",TRUE,37.67,28.48,1.88,0.17,NA,51,"AWAY",1451865219.7,"Colin Westbrooks","SS","DB","31","6-1","220","Frankfurt Galaxy",8.77,37.62,28.64,37.5986127659056,28.708439149102,0.274636438455444,37.5272255318113,28.936878298204,0.366181917940592,99.79024
"2550157","3","685","3502","2016-01-03T23:53:39.800",TRUE,37.62,28.64,1.94,0.17,NA,52,"AWAY",1451865219.8,"Colin Westbrooks","SS","DB","31","6-1","220","Frankfurt Galaxy",8.77,37.59,28.86,37.5758006699543,28.9641284203349,0.37183791663779,37.5316013399087,29.2882568406697,0.495783888850386,99.79024
"2550157","3","685","3502","2016-01-03T23:53:39.900",TRUE,37.59,28.86,2.16,0.22,NA,53,"AWAY",1451865219.9,"Colin Westbrooks","SS","DB","31","6-1","220","Frankfurt Galaxy",8.77,37.58,29.11,37.5735961249315,29.2700968767123,0.452332476675615,37.557192249863,29.6801937534247,0.603109968900821,99.79024
"2550157","3","685","3502","2016-01-03T23:53:40.000",TRUE,37.58,29.11,2.49,0.25,NA,54,"AWAY",1451865220,"Colin Westbrooks","SS","DB","31","6-1","220","Frankfurt Galaxy",8.77,37.66,29.41,37.7312801811872,29.6773006794521,0.623357653512335,37.8825603623744,30.2446013589041,0.831143538016447,99.79024
"2550157","3","685","3502","2016-01-03T23:53:40.100",TRUE,37.66,29.41,2.87,0.31,NA,55,"AWAY",1451865220.1,"Colin Westbrooks","SS","DB","31","6-1","220","Frankfurt Galaxy",8.77,37.76,29.74,37.877958895586,30.1292643554338,0.771632236609747,38.095917791172,30.8485287108676,1.02884298214633,99.79024
"2550157","3","685","3502","2016-01-03T23:53:40.200",TRUE,37.76,29.74,3.23,0.35,NA,56,"AWAY",1451865220.2,"Colin Westbrooks","SS","DB","31","6-1","220","Frankfurt Galaxy",8.77,37.85,30.09,37.9807688186301,30.5985454057839,0.887481888042754,38.2015376372603,31.4570908115677,1.183309184057,99.79024
"2550157","3","685","3502","2016-01-03T23:53:40.300",TRUE,37.85,30.09,3.56,0.36,NA,57,"AWAY",1451865220.3,"Colin Westbrooks","SS","DB","31","6-1","220","Frankfurt Galaxy",8.77,38.02,30.43,38.309612277382,31.0092245547641,1.00947237515624,38.7692245547641,31.9284491095282,1.34596316687499,99.79024
"2550157","3","685","3502","2016-01-03T23:53:40.400",TRUE,38.02,30.43,3.87,0.38,NA,58,"AWAY",1451865220.4,"Colin Westbrooks","SS","DB","31","6-1","220","Frankfurt Galaxy",8.77,38.26,30.77,38.7253666279452,31.429269389589,1.18330167955748,39.4307332558904,32.4285387791781,1.57773557274331,99.79024
"2550157","3","685","3502","2016-01-03T23:53:40.500",TRUE,38.26,30.77,4.14,0.42,NA,59,"AWAY",1451865220.5,"Colin Westbrooks","SS","DB","31","6-1","220","Frankfurt Galaxy",8.77,38.59,31.17,39.2975450980822,32.0276304219178,1.55918183342546,40.3350901961644,33.2852608438356,2.07890911123395,99.79024
"2550157","3","685","3502","2016-01-03T23:53:40.600",TRUE,38.59,31.17,4.41,0.52,NA,60,"AWAY",1451865220.6,"Colin Westbrooks","SS","DB","31","6-1","220","Frankfurt Galaxy",8.77,38.95,31.62,39.7956848175343,32.6771060219178,1.82696321168622,41.0013696350685,34.1842120438356,2.43595094891497,99.79024
"2550157","3","685","3502","2016-01-03T23:53:40.700",TRUE,38.95,31.62,4.64,0.57,NA,61,"AWAY",1451865220.7,"Colin Westbrooks","SS","DB","31","6-1","220","Frankfurt Galaxy",8.77,39.29,32.09,40.1480904309285,33.2761838309894,1.91981208777953,41.3461808618569,34.9323676619787,2.5597494503727,99.79024
"2550157","3","685","3502","2016-01-03T23:53:40.800",TRUE,39.29,32.09,4.83,0.59,NA,62,"AWAY",1451865220.8,"Colin Westbrooks","SS","DB","31","6-1","220","Frankfurt Galaxy",8.77,39.66,32.6,40.6471928303196,33.9607252526027,2.15775360943885,42.0043856606393,35.8314505052055,2.87700481258514,99.79024
"2550157","3","685","3502","2016-01-03T23:53:40.900",TRUE,39.66,32.6,4.98,0.63,NA,63,"AWAY",1451865220.9,"Colin Westbrooks","SS","DB","31","6-1","220","Frankfurt Galaxy",8.77,40.05,33.09,41.1349817665753,34.4531822195434,2.20154971722292,42.6099635331507,36.3063644390868,2.93539962296389,99.79024
"2550157","3","685","3502","2016-01-03T23:53:41.000",TRUE,40.05,33.09,5.11,0.62,NA,64,"AWAY",1451865221,"Colin Westbrooks","SS","DB","31","6-1","220","Frankfurt Galaxy",8.77,40.46,33.54,41.6410999377778,34.8363292,2.18798662230334,43.2321998755556,36.5826584,2.91731549640445,99.79024
"2550157","3","685","3502","2016-01-03T23:53:41.100",TRUE,40.46,33.54,5.17,0.6,NA,65,"AWAY",1451865221.1,"Colin Westbrooks","SS","DB","31","6-1","220","Frankfurt Galaxy",8.77,40.83,33.97,41.9127302138204,35.2283080863318,2.05945772474896,43.3654604276408,36.9166161726636,2.74594363299861,99.79024
"2550157","3","685","3502","2016-01-03T23:53:41.200",TRUE,40.83,33.97,5.24,0.57,NA,66,"AWAY",1451865221.2,"Colin Westbrooks","SS","DB","31","6-1","220","Frankfurt Galaxy",8.77,41.1,34.45,41.9044538169863,35.8801401190868,2.02272595923362,42.9789076339726,37.7902802381735,2.69696794564483,99.79024
"2550157","3","685","3502","2016-01-03T23:53:41.300",TRUE,41.1,34.45,5.28,0.55,NA,67,"AWAY",1451865221.3,"Colin Westbrooks","SS","DB","31","6-1","220","Frankfurt Galaxy",8.77,41.33,34.92,42.0222623094064,36.3346229800913,1.93451486344101,42.9445246188128,38.2192459601826,2.57935315125467,99.79024
"2550157","3","685","3502","2016-01-03T23:53:41.400",TRUE,41.33,34.92,5.26,0.53,NA,68,"AWAY",1451865221.4,"Colin Westbrooks","SS","DB","31","6-1","220","Frankfurt Galaxy",8.77,41.57,35.39,42.2887153651142,36.7974842566819,1.94465713313794,43.2474307302283,38.6749685133638,2.59287617751725,99.79024
"2550157","3","685","3502","2016-01-03T23:53:41.500",TRUE,41.57,35.39,5.19,0.53,NA,69,"AWAY",1451865221.5,"Colin Westbrooks","SS","DB","31","6-1","220","Frankfurt Galaxy",8.77,41.84,35.86,42.6342013950685,37.2424987247489,1.97438579703529,43.698402790137,39.0949974494977,2.63251439604705,99.79024
"2550157","3","685","3502","2016-01-03T23:53:41.600",TRUE,41.84,35.86,5.12,0.54,NA,70,"AWAY",1451865221.6,"Colin Westbrooks","SS","DB","31","6-1","220","Frankfurt Galaxy",8.77,42.07,36.32,42.7343149666971,37.6486299333942,1.85155166524488,43.6286299333942,39.4372598667884,2.46873555365984,99.79024
"2550157","3","685","3502","2016-01-03T23:53:41.700",TRUE,42.07,36.32,5.07,0.51,NA,71,"AWAY",1451865221.7,"Colin Westbrooks","SS","DB","31","6-1","220","Frankfurt Galaxy",8.77,42.24,36.78,42.7245601815525,38.0911628442009,1.7507049481679,43.379120363105,39.8623256884018,2.33427326422387,99.79024
"2550157","3","685","3502","2016-01-03T23:53:41.800",TRUE,42.24,36.78,4.98,0.49,NA,72,"AWAY",1451865221.8,"Colin Westbrooks","SS","DB","31","6-1","220","Frankfurt Galaxy",8.77,42.41,37.27,42.8829407700456,38.6331822195434,1.82326939827295,43.5258815400913,40.4863644390868,2.43102586436394,99.79024
"2550157","3","685","3502","2016-01-03T23:53:41.900",TRUE,42.41,37.27,4.88,0.53,NA,73,"AWAY",1451865221.9,"Colin Westbrooks","SS","DB","31","6-1","220","Frankfurt Galaxy",8.77,42.53,37.73,42.8547272796347,38.9747879052663,1.64241667316141,43.2994545592694,40.6795758105327,2.18988889754855,99.79024
"2550157","3","685","3502","2016-01-03T23:53:42.000",TRUE,42.53,37.73,4.77,0.47,NA,74,"AWAY",1451865222,"Colin Westbrooks","SS","DB","31","6-1","220","Frankfurt Galaxy",8.77,42.63,38.22,42.8922522410959,39.5050359813699,1.69446090311599,43.2545044821918,41.2800719627397,2.25928120415465,99.79024
"2550157","3","685","3502","2016-01-03T23:53:42.100",TRUE,42.63,38.22,4.69,0.5,NA,75,"AWAY",1451865222.1,"Colin Westbrooks","SS","DB","31","6-1","220","Frankfurt Galaxy",8.77,42.73,38.69,42.9861767318112,39.8940306395129,1.6048444923814,43.3423534636225,41.5680612790259,2.13979265650854,99.79024
"2550157","3","685","3502","2016-01-03T23:53:42.200",TRUE,42.73,38.69,4.61,0.47,NA,76,"AWAY",1451865222.2,"Colin Westbrooks","SS","DB","31","6-1","220","Frankfurt Galaxy",8.77,42.81,39.08,43.0100809780213,40.0553947678539,1.31035972673646,43.2901619560427,41.4207895357078,1.74714630231527,99.79024
"2550157","3","685","3502","2016-01-03T23:53:42.300",TRUE,42.81,39.08,4.57,0.4,NA,77,"AWAY",1451865222.3,"Colin Westbrooks","SS","DB","31","6-1","220","Frankfurt Galaxy",8.77,42.84,39.49,42.9141190403653,40.5029602183257,1.34311007643014,43.0182380807306,41.9259204366515,1.79081343524018,99.79024
"2550157","3","685","3502","2016-01-03T23:53:42.400",TRUE,42.84,39.49,4.52,0.42,NA,78,"AWAY",1451865222.4,"Colin Westbrooks","SS","DB","31","6-1","220","Frankfurt Galaxy",8.77,42.83,39.97,42.8056733725418,41.1376781179909,1.5540341332369,42.7713467450837,42.7853562359817,2.07204551098253,99.79024
"2550157","3","685","3502","2016-01-03T23:53:42.500",TRUE,42.83,39.97,4.5,0.47,NA,79,"AWAY",1451865222.5,"Colin Westbrooks","SS","DB","31","6-1","220","Frankfurt Galaxy",8.77,42.77,40.52,42.6249515616438,41.8496106849315,1.78413982824197,42.4199031232877,43.729221369863,2.37885310432263,99.79024
"2550157","3","685","3502","2016-01-03T23:53:42.600",TRUE,42.77,40.52,4.5,0.55,NA,80,"AWAY",1451865222.6,"Colin Westbrooks","SS","DB","31","6-1","220","Frankfurt Galaxy",8.77,42.66,41.06,42.3940778630137,42.3654359452055,1.77713172327143,42.0181557260274,44.210871890411,2.36950896436191,99.79024
"2550157","3","685","3502","2016-01-03T23:53:42.700",TRUE,42.66,41.06,4.52,0.55,NA,81,"AWAY",1451865222.7,"Colin Westbrooks","SS","DB","31","6-1","220","Frankfurt Galaxy",8.77,42.53,41.51,42.2137538430442,42.6046982356164,1.51615429412167,41.7675076860883,44.1493964712328,2.02153905882889,99.79024
"2550157","3","685","3502","2016-01-03T23:53:42.800",TRUE,42.53,41.51,4.55,0.48,NA,82,"AWAY",1451865222.8,"Colin Westbrooks","SS","DB","31","6-1","220","Frankfurt Galaxy",8.77,42.37,41.9,41.9771286550989,42.8576239031963,1.37214250100437,41.4242573101978,44.2052478063927,1.82952333467249,99.79024
"2550157","3","685","3502","2016-01-03T23:53:42.900",TRUE,42.37,41.9,4.64,0.42,NA,83,"AWAY",1451865222.9,"Colin Westbrooks","SS","DB","31","6-1","220","Frankfurt Galaxy",8.77,42.21,42.31,41.8061927383866,43.3447561078843,1.45656878272259,41.2423854767732,44.7895122157687,1.94209171029679,99.79024
"2550157","3","685","3502","2016-01-03T23:53:43.000",TRUE,42.21,42.31,4.73,0.43,NA,84,"AWAY",1451865223,"Colin Westbrooks","SS","DB","31","6-1","220","Frankfurt Galaxy",8.77,42.08,42.69,41.7430211676103,43.6750150485236,1.35106513932559,41.2760423352207,45.0400300970472,1.80142018576746,99.79024
"2550157","3","685","3502","2016-01-03T23:53:43.100",TRUE,42.08,42.69,4.83,0.41,NA,85,"AWAY",1451865223.1,"Colin Westbrooks","SS","DB","31","6-1","220","Frankfurt Galaxy",8.77,42,43.12,41.7865529015525,44.2672781541552,1.49783537537067,41.493105803105,45.8445563083105,1.99711383382756,99.79024
"2550157","3","685","3502","2016-01-03T23:53:43.200",TRUE,42,43.12,4.95,0.44,NA,86,"AWAY",1451865223.2,"Colin Westbrooks","SS","DB","31","6-1","220","Frankfurt Galaxy",8.77,41.95,43.52,41.8120389315069,44.6236885479452,1.40978032679284,41.6240778630137,46.1273770958905,1.87970710239045,99.79024
"2550157","3","685","3502","2016-01-03T23:53:43.300",TRUE,41.95,43.52,5.03,0.41,NA,87,"AWAY",1451865223.3,"Colin Westbrooks","SS","DB","31","6-1","220","Frankfurt Galaxy",8.77,41.9,43.95,41.7590011768645,45.162589878965,1.53491272013632,41.568002353729,46.80517975793,2.04655029351509,99.79024
"2550157","3","685","3502","2016-01-03T23:53:43.400",TRUE,41.9,43.95,5.11,0.43,NA,88,"AWAY",1451865223.4,"Colin Westbrooks","SS","DB","31","6-1","220","Frankfurt Galaxy",8.77,41.73,44.41,41.2402756355555,45.7351365155555,1.76258266770605,40.5805512711111,47.5202730311111,2.35011022360807,99.79024
"2550157","3","685","3502","2016-01-03T23:53:43.500",TRUE,41.73,44.41,5.14,0.49,NA,89,"AWAY",1451865223.5,"Colin Westbrooks","SS","DB","31","6-1","220","Frankfurt Galaxy",8.77,41.47,44.88,40.715086174003,46.2446519162253,1.94023488211393,39.7001723480061,48.0793038324506,2.58697984281858,99.79024
"2550157","3","685","3502","2016-01-03T23:53:43.600",TRUE,41.47,44.88,5.15,0.54,NA,90,"AWAY",1451865223.6,"Colin Westbrooks","SS","DB","31","6-1","220","Frankfurt Galaxy",8.77,41.15,45.36,40.2184450873668,46.7573323689498,2.08737475684512,38.9668901747336,48.6346647378995,2.78316634246016,99.79024
"2550157","3","685","3502","2016-01-03T23:53:43.700",TRUE,41.15,45.36,5.14,0.58,NA,91,"AWAY",1451865223.7,"Colin Westbrooks","SS","DB","31","6-1","220","Frankfurt Galaxy",8.77,40.84,45.9,39.9399104382344,47.4678979463014,2.2492063448436,38.7298208764688,49.5757958926027,2.9989417931248,99.79024
"2550157","3","685","3502","2016-01-03T23:53:43.800",TRUE,40.84,45.9,5.19,0.62,NA,92,"AWAY",1451865223.8,"Colin Westbrooks","SS","DB","31","6-1","220","Frankfurt Galaxy",8.77,40.54,46.47,39.6575540054794,48.146647389589,2.34626920184507,38.4751080109589,50.3932947791781,3.12835893579342,99.79024
"2550157","3","685","3502","2016-01-03T23:53:43.900",TRUE,40.54,46.47,5.23,0.64,NA,93,"AWAY",1451865223.9,"Colin Westbrooks","SS","DB","31","6-1","220","Frankfurt Galaxy",8.77,40.32,47.04,39.6661898771385,48.7339625910502,2.24033658092058,38.792379754277,50.9979251821005,2.98711544122744,99.79024
"2550157","3","685","3502","2016-01-03T23:53:44.000",TRUE,40.32,47.04,5.19,0.61,NA,94,"AWAY",1451865224,"Colin Westbrooks","SS","DB","31","6-1","220","Frankfurt Galaxy",8.77,40.21,47.59,39.8864364686758,49.207817656621,2.04308051366242,39.4528729373516,51.375635313242,2.72410735154989,99.79024
"2550157","3","685","3502","2016-01-03T23:53:44.100",TRUE,40.21,47.59,5.06,0.56,NA,95,"AWAY",1451865224.1,"Colin Westbrooks","SS","DB","31","6-1","220","Frankfurt Galaxy",8.77,40.12,48.12,39.8641516339726,49.6266625999391,1.91587465974449,39.5183032679452,51.6633251998782,2.55449954632598,99.79024
"2550157","3","685","3502","2016-01-03T23:53:44.200",TRUE,40.12,48.12,4.91,0.54,NA,96,"AWAY",1451865224.2,"Colin Westbrooks","SS","DB","31","6-1","220","Frankfurt Galaxy",8.77,40.01,48.72,39.7098271794216,50.3573062940639,2.1185388424972,39.2996543588432,52.5946125881279,2.82471845666294,99.79024
"2550157","3","685","3502","2016-01-03T23:53:44.300",TRUE,40.01,48.72,4.85,0.6,NA,97,"AWAY",1451865224.3,"Colin Westbrooks","SS","DB","31","6-1","220","Frankfurt Galaxy",8.77,39.92,49.32,39.6785050246575,50.9299665022831,2.08507920851925,39.3470100493151,53.1399330045662,2.780105611359,99.79024
"2550157","3","685","3502","2016-01-03T23:53:44.400",TRUE,39.92,49.32,4.72,0.61,NA,98,"AWAY",1451865224.4,"Colin Westbrooks","SS","DB","31","6-1","220","Frankfurt Galaxy",8.77,39.85,49.88,39.6690814665449,51.3273482676408,1.89509688370117,39.4181629330898,53.3346965352816,2.52679584493489,99.79024
"2550157","3","685","3502","2016-01-03T23:53:44.500",TRUE,39.85,49.88,4.56,0.57,NA,99,"AWAY",1451865224.5,"Colin Westbrooks","SS","DB","31","6-1","220","Frankfurt Galaxy",8.77,39.79,50.35,39.6422175824657,51.5076289373516,1.5451505473817,39.4344351649315,53.1352578747032,2.06020072984227,99.79024
"2550157","3","685","3502","2016-01-03T23:53:44.600",TRUE,39.79,50.35,4.37,0.48,NA,100,"AWAY",1451865224.6,"Colin Westbrooks","SS","DB","31","6-1","220","Frankfurt Galaxy",8.77,39.76,50.88,39.6904375915982,52.1089358817656,1.67007206210842,39.5908751831963,53.8678717635312,2.22676274947789,99.79024
"2550157","3","685","3502","2016-01-03T23:53:44.700",TRUE,39.76,50.88,4.08,0.52,NA,101,"AWAY",1451865224.7,"Colin Westbrooks","SS","DB","31","6-1","220","Frankfurt Galaxy",8.77,39.74,51.39,39.6980298052968,52.4602399649315,1.51609285825969,39.6360596105936,54.040479929863,2.02145714434625,99.79024
"2550157","3","685","3502","2016-01-03T23:53:44.800",TRUE,39.74,51.39,3.77,0.51,NA,102,"AWAY",1451865224.8,"Colin Westbrooks","SS","DB","31","6-1","220","Frankfurt Galaxy",8.77,39.71,51.73,39.6541074874886,52.3634484751294,0.949808279478694,39.5682149749772,53.3368969502587,1.26641103930493,99.79024
"2550157","3","685","3502","2016-01-03T23:53:44.900",TRUE,39.71,51.73,3.44,0.34,NA,103,"AWAY",1451865224.9,"Colin Westbrooks","SS","DB","31","6-1","220","Frankfurt Galaxy",8.77,39.67,51.92,39.6055012403044,52.226369108554,0.501513639455083,39.5010024806088,52.7227382171081,0.668684852606778,99.79024
"2550157","3","685","3502","2016-01-03T23:53:45.000",TRUE,39.67,51.92,3.13,0.2,NA,104,"AWAY",1451865225,"Colin Westbrooks","SS","DB","31","6-1","220","Frankfurt Galaxy",8.77,39.68,52.06,39.6937704300761,52.2527860210655,0.336185295222621,39.7175408601522,52.5855720421309,0.448247060296828,99.79024
"2550157","3","685","3502","2016-01-03T23:53:45.100",TRUE,39.68,52.06,2.8,0.14,NA,105,"AWAY",1451865225.1,"Colin Westbrooks","SS","DB","31","6-1","220","Frankfurt Galaxy",8.77,39.75,52.4,39.8288499774734,52.7829856048706,0.762093494858938,39.9776999549467,53.5059712097412,1.01612465981192,99.79024
"2550157","3","685","3502","2016-01-03T23:53:45.200",TRUE,39.75,52.4,2.42,0.35,NA,106,"AWAY",1451865225.2,"Colin Westbrooks","SS","DB","31","6-1","220","Frankfurt Galaxy",8.77,39.82,52.69,39.878648909102,52.9329740519939,0.586309730029474,40.007297818204,53.4659481039878,0.781746306705966,99.79024
"2550157","3","685","3502","2016-01-03T23:53:45.300",TRUE,39.82,52.69,2.01,0.3,NA,107,"AWAY",1451865225.3,"Colin Westbrooks","SS","DB","31","6-1","220","Frankfurt Galaxy",8.77,39.91,52.94,39.9573824536986,53.0716179269406,0.456233887727359,40.0947649073972,53.4532358538813,0.608311850303145,99.79024
"2550157","3","685","3502","2016-01-03T23:53:45.400",TRUE,39.91,52.94,1.64,0.27,NA,108,"AWAY",1451865225.4,"Colin Westbrooks","SS","DB","31","6-1","220","Frankfurt Galaxy",8.77,39.98,53.13,39.9971835582344,53.1766410866362,0.302314150919456,40.0843671164688,53.4132821732725,0.403085534559275,99.79024
"2550157","3","685","3502","2016-01-03T23:53:45.500",TRUE,39.98,53.13,1.34,0.2,"playStopped",109,"AWAY",1451865225.5,"Colin Westbrooks","SS","DB","31","6-1","220","Frankfurt Galaxy",8.77,40.07,52.94,40.0715883024658,52.9366469170167,0.275700298992937,40.1631766049315,52.7432938340335,0.36760039865725,99.79024
